sample_id,text_original,text_processed,image_path,latitude,longitude,geo_precision,timestamp_utc,source,user_id_anon,sentiment_label,annotator_ids,inter_annotator_agreement,split,pii_status
re_00001,"Говорить, що на той час БК [Будинок культури] стояв порожній – людей в ньому не було. “Вони навмання стріляли, куди попаде” – говорить Василь. Обстрілами в цьому районі росіяни пошкодили декілька жилих будинків, але найбільше дісталося Центральному будинку культури — від глядацької зали майже нічого не лишилося. “Район був під шквальним обстрілом. В Будинку культури ми тільки хвостовиків ракет нарахували близько двадцяти великого калібру. А маленького взагалі навіть ніхто не рахував”, – розповідає начальниця відділу культури, національностей і релігій Ірпінської міськради [Персональні дані]",говорить що на той час б ##к будинок культури сто ##яв пор ##о ##жній людей в ньому не було вони на ##в ##ман ##ня стр ##іл ##яли к ##уди поп ##аде говорить ва ##сил ##ь об ##стр ##іла ##ми в цьому районі рос ##ія ##ни по ##шко ##дили декілька жили ##х буд ##ин ##ків але найбільш ##е ді ##ста ##лося центра ##льному будинку культури від гл ##яд ##аць ##кої зал ##и майже ні ##чого не ли ##шил ##ося район був під ш ##ква ##льним об ##стр ##іл ##ом в будинку культури ми тільки х ##во ##стов ##ик ##ів ракет нар ##ах ##ували близько два ##д ##ця ##ти великого калі ##бру а мал ##ень ##кого в ##за ##гал ##і навіть ні ##хт ##о не р ##ах ##ував р ##оз ##пов ##ід ##ає начал ##ь ##ниця відділу культури на ##ці ##она ##льно ##стей і р ##елі ##гі ##й і ##р ##п ##ін ##ської м ##іс ##ь ##к ##ради пер ##сона ##льні дані,images/re_00001.jpg,50.53358,30.23324,points,2023-04-08 14:15:00,"reukraine, media",1,Negative,1,1,train,confidential_personal_data
re_00002,"Найбільш постраждала будівля знаходиться на Гостомельському шосе 24/1. Він був серйозно пошкоджений під час військових дій у лютому-березні 2022 року, через що вважається аварійним та непридатним для проживання. Найбільше ударів комплекс отримав напередодні визволення Ірпеня. Пожежі на верхніх поверхах не могли погасити через постійні обстріли. Та й загалом сам ЖК по кілька разів переходив із рук в руки. Жителі комплексу розповіли Новини.LIVE, що не сподівалися на відновлення. Однак дві інструментальні експертизи показали, що це можливо, оскільки монолітна забудова лишилися неушкодженою.",найбільш пост ##ра ##жда ##ла буд ##ів ##ля знаходиться на го ##стом ##ель ##ському шо ##се 241 він був се ##р ##йо ##зно по ##шко ##дж ##ений під час військових дій у лютому ##бер ##ез ##ні 2022 року через що вважається а ##вар ##ій ##ним та не ##пр ##ида ##тни ##м для про ##живання найбільш ##е удар ##ів комплекс отримав на ##перед ##од ##ні ви ##зв ##оле ##ння і ##р ##пен ##я по ##же ##жі на в ##ерх ##ніх пов ##ерх ##ах не могли по ##га ##сит ##и через пост ##ій ##ні об ##стр ##іли та й за ##галом сам ж ##к по кілька разів пер ##еход ##ив із рук в руки жителі комплексу р ##оз ##пов ##іли нови ##ни ##liv ##e що не с ##по ##дів ##алися на від ##новлення однак дві ін ##струмент ##альні е ##кс ##пер ##ти ##зи показали що це можливо оскільки м ##он ##олі ##тна за ##бу ##дова ли ##шили ##ся не ##уш ##ко ##дж ##ено ##ю,images/re_00002.jpg,50.54254,30.26360,points,2023-04-08 15:27:00,"reukraine, media",1,Positive,1,1,train,not_found
re_00003,"14 березня 2022 року будинок 115/1 зазнав пошкоджень (вибито шибки, пошкоджено фасади) через падіння уламків російської крилатої ракети під час повномасштабного вторгнення РФ в Україну. Унаслідок падіння фрагмента ракети загинула одна людина, на проїзній частині вулиці перед будинком № 115/1 утворилася вирва. Було майже повністю знищено тролейбус, що стояв на розі вулиць Кирилівської і Рилєєва, істотно пошкоджено торговельні кіоски та зупинки громадського транспорту в радіусі 50 м, обірвано контактну тролейбусну мережу на відтинку від проспекту Степана Бандери до Петропавлівської вулиці (відновлено 10 липня 2022 року). Біля підїзду будинку висіла меморіальна дошка К.П. Рилеева (але її зірвали так як це був російський поет). Поряд з будинком проходить вулиця Рилєєва, яка в 1955 р. названа так на честь поета-декабриста одного з керівників повстання 1825 р. на Сенатській площі Рилєєва Кіндрата Федоровича (1795-1826 рр.).",14 березня 2022 року будинок 115 ##1 за ##знав по ##шко ##дж ##ень ви ##бито ши ##бки по ##шко ##дж ##ено ф ##аса ##ди через пад ##іння ул ##ам ##ків російської крила ##то ##ї ракет ##и під час пов ##ном ##ас ##шта ##бного в ##тор ##гнення р ##ф в укр ##а ##ї ##ну ун ##ас ##лідок пад ##іння фр ##аг ##мента ракет ##и за ##гин ##ула одна людина на про ##ї ##з ##ній частині вулиці перед буд ##ин ##ком 115 ##1 у ##твор ##илася ви ##рва було майже повністю з ##ни ##щено т ##ро ##лей ##бу ##с що сто ##яв на р ##оз ##і вул ##иць ки ##рил ##ів ##ської і р ##ил ##є ##єва іс ##тот ##но по ##шко ##дж ##ено то ##рг ##ове ##льні к ##іо ##ски та з ##уп ##инки громад ##ського транспорт ##у в раді ##ус ##і 50 м об ##ір ##вано контакт ##ну т ##ро ##лей ##бу ##с ##ну мере ##жу на від ##тин ##ку від про ##спект ##у ст ##еп ##ана ба ##нде ##ри до пет ##ро ##па ##в ##лів ##ської вулиці від ##нов ##лено 10 липня 2022 року біля під ##ї ##зду будинку ви ##сі ##ла м ##ем ##орі ##альна до ##шка к ##п р ##иле ##ева але її зі ##рва ##ли так як це був російський поет пор ##яд з буд ##ин ##ком проходить вулиця р ##ил ##є ##єва яка в 1955 р названа так на честь поет ##аде ##ка ##бри ##ста одного з керівник ##ів повстання 1825 р на се ##нат ##ській площі р ##ил ##є ##єва к ##ін ##дра ##та ф ##ед ##оров ##ича 1795 ##18 ##26 рр,images/re_00003.jpg,50.48856,30.46790,points,2023-03-01 06:38:00,reukraine,1,Neutral,1,1,train,not_found
re_00004,"Мама жила зі мною в будинку 353, але за кілька днів до бомбардування ми переїхали в будинок 359, де жив мій брат з дружиною та її батьками. Двадцять сьомого лютого колона російських БТРів та іншої військової техніки проїхала по дорозі перед нашим будинком, і вони стріляли по нашому будинку. Мій син злякався і впав. Тож ми пішли в укриття в підвалі сусіднього будинку 359, він був у кращому стані порівняно з нашим. У нашому підвалі була протікання і погано пахло. Ми провели там три ночі. Нам сказали, що російська військова техніка стріляє по людях на вулиці, тому люди боялися виходити назовні. Ми залишалися в підвалі до ранку 2 березня. Попереднього вечора ми почули, що кілька будинків далі по дорозі розбомбили. На вулиці було небезпечно і в будинках було небезпечно. Я вирішив відвести дружину і дітей до сусідньої школи. Ми вийшли з будинку 359 відразу після 7 ранку. А мама, брат, його дружина і її батьки наполягли на тому, щоб залишитися в підвалі, тому що вони боялися, що їх застрелять російські солдати, якщо вони вийдуть на вулицю. Десь через 20 хвилин після того, як ми пішли, будинок 359 розбомбили, і вони всі загинули разом з іншими сусідами. Кілька хвилин по тому бомба впала на будинок 353 і там теж загинули люди. Як мінімум 23 людини загинули в будинку 359, всі вони були мирними жителями, які жили в цьому або сусідньому будинку (будинок 353). Незважаючи на те, що удар по будинку 353 був нанесений незабаром після цього, більшість мешканців, які були в зруйнованій частині будівлі, зуміли втекти після бомбардування будинку 359.",ма ##ма жил ##а зі м ##ною в будинку 353 але за кілька днів до бо ##мбар ##дування ми пер ##еї ##хал ##и в будинок 359 де жив м ##ій брат з др ##у ##жин ##ою та її батька ##ми два ##д ##цять с ##ьо ##мого лютого коло ##на рос ##ійських б ##тр ##ів та інш ##ої військової техніки про ##ї ##хала по до ##ро ##зі перед наши ##м буд ##ин ##ком і вони стр ##іл ##яли по наш ##ому будинку м ##ій син з ##ля ##кав ##ся і в ##па ##в то ##ж ми п ##і ##шли в укр ##ит ##тя в під ##валі су ##сі ##д ##нього будинку 359 він був у к ##ра ##що ##му стан ##і пор ##ів ##ня ##но з наши ##м у наш ##ому під ##валі була про ##тік ##ання і по ##ган ##о па ##х ##ло ми провели там три но ##чі нам сказал ##и що рос ##ійська військ ##ова тех ##ніка стр ##іл ##я ##є по л ##ю ##дя ##х на вулиці тому люди боя ##лися ви ##ходит ##и на ##зов ##ні ми зал ##иш ##алися в під ##валі до р ##ан ##ку 2 березня поп ##ере ##д ##нього в ##еч ##ора ми по ##чул ##и що кілька буд ##ин ##ків далі по до ##ро ##зі р ##оз ##бом ##били на вулиці було не ##бе ##з ##пе ##чно і в буд ##ин ##ках було не ##бе ##з ##пе ##чно я ви ##рі ##шив від ##вести др ##у ##жин ##у і дітей до су ##сі ##д ##ньої школи ми ви ##йшли з будинку 359 від ##разу після 7 р ##ан ##ку а ма ##ма брат його дружина і її ба ##ть ##ки на ##поля ##гли на тому щоб зал ##иш ##ити ##ся в під ##валі тому що вони боя ##лися що їх за ##стр ##еля ##ть рос ##ій ##ські солдат ##и якщо вони ви ##йд ##уть на вул ##иц ##ю де ##сь через 20 хвилин після того як ми п ##і ##шли будинок 359 р ##оз ##бом ##били і вони всі за ##гин ##ули разом з іншими су ##сі ##дами кілька хвилин по тому бо ##мба в ##пала на будинок 353 і там теж за ##гин ##ули люди як м ##іні ##мум 23 людини за ##гин ##ули в будинку 359 всі вони були мир ##ними ж ##ителями які жили в цьому або су ##сі ##д ##ньому будинку будинок 353 не ##зважаючи на те що удар по будинку 353 був на ##несе ##ний не ##забаром після цього більшість мешканців які були в з ##ру ##йно ##ван ##ій частині будівлі з ##ум ##іли в ##те ##кти після бо ##мбар ##дування будинку 359,images/re_00004.jpg,50.64358,29.93424,points,2023-04-01 13:16:00,"reukraine, amnesty_international",1,Negative,1,1,train,not_found
re_00005,Будівля пошкоджена/зруйнована через військову агресію рф проти України. На разі будівля в стані відновлення/відновлення,буд ##ів ##ля по ##шко ##дж ##ена ##з ##ру ##йно ##вана через військ ##ову а ##грес ##ію р ##ф проти укр ##а ##ї ##ни на разі буд ##ів ##ля в стан ##і від ##новлення ##від ##новлення,images/re_00005.jpg,50.39715,30.53048,points,2023-05-30 17:44:00,reukraine,1,Positive,1,1,train,face_blured
re_00006,"Садок №6 «Радість» в Ірпені в результаті неодноразових обстрілів пошкоджений на 75%. У дошкільному навчальному закладі зруйновано всю покрівлю, частково зруйновані зовнішні та внутрішні стіни 2-го поверху.",сад ##ок 6 раді ##сть в і ##р ##пен ##і в результаті не ##од ##нора ##зов ##их об ##стр ##ілі ##в по ##шко ##дж ##ений на 75 у до ##ш ##кіл ##ьному на ##в ##чально ##му за ##клад ##і з ##ру ##йно ##вано всю по ##к ##рів ##лю частково з ##ру ##йно ##ван ##і з ##ов ##ні ##шні та в ##нут ##рі ##шні ст ##іни 2 ##го пов ##ерху,images/re_00006.jpg,50.53274,30.24096,points,2023-02-18 10:49:00,media,1,Negative,1,1,train,not_found
re_00007,"156-метровий міст, що був зруйнований у лютому 2022 року, повністю відновлено. Міст розташований на дорозі Р-02 Київ – Іванків – Овруч та завдяки його відновленню вдалося повернути зручне транспортне сполучення для мешканців Вишгородського району. Відновлення мосту – це ще один крок для сталого транспортного сполучення у регіоні, де інфраструктура зазнала значних руйнувань внаслідок бойових дій.",156 ##мет ##ров ##ий міст що був з ##ру ##йно ##ваний у лютому 2022 року повністю від ##нов ##лено міст розташований на до ##ро ##зі р ##02 ки ##їв і ##ван ##ків о ##вр ##уч та завдяки його від ##нов ##лен ##ню вдалося пов ##ерн ##ути з ##ру ##чне транспорт ##не с ##по ##лучення для мешканців ви ##ш ##город ##ського району від ##новлення мост ##у це ще один к ##рок для стало ##го транспорт ##ного с ##по ##лучення у регіоні де ін ##ф ##рас ##труктура за ##зна ##ла з ##на ##чних р ##уй ##нува ##нь внаслідок бойових дій,images/re_00007.jpg,50.32418,30.14398,points,2024-12-06 12:00:00,agency_for_restoration,1,Positive,1,1,train,not_found
re_00008,"Відновлювальні роботи реконструкція пошкодженого майна багатоквартирного житлового будинку за адресою: вул. Центральна, 17Д с. Бузова Бучанського району Київської області  Минулої весни, 2022 року, під час повномаштабного вторгнення росіяни через влучання снарядів будинок зазнав руйнувань, після проведеного обстеження будинок підлягає відновленню шляхом Реконструкції. У будинку на Центральній, 17Д до повномаштабного вторгнення проживало 115 чоловік. Відновлення вищезазначеного житлового будинку дозволить родинам нарешті повернутися додому.",від ##нов ##лю ##вал ##ьні роботи рек ##он ##стр ##ук ##ція по ##шко ##дж ##еног ##о май ##на багато ##ква ##рти ##рного ж ##ит ##лов ##ого будинку за ад ##рес ##ою вул центра ##льна 17 ##д с бу ##зова бу ##чан ##ського району ки ##їв ##ської області мин ##уло ##ї в ##есни 2022 року під час пов ##ном ##аш ##та ##бного в ##тор ##гнення рос ##ія ##ни через в ##лу ##чання с ##нар ##яд ##ів будинок за ##знав р ##уй ##нува ##нь після про ##ведено ##го об ##сте ##ження будинок під ##ля ##гає від ##нов ##лен ##ню шляхом рек ##он ##стр ##укції у будинку на центра ##льній 17 ##д до пов ##ном ##аш ##та ##бного в ##тор ##гнення проживало 115 чоловік від ##новлення вище ##за ##зна ##ченого ж ##ит ##лов ##ого будинку до ##зв ##оли ##ть род ##ина ##м нар ##еш ##ті пов ##ерн ##ути ##ся дод ##ому,images/re_00008.jpg,50.42014,30.04425,points,2022-12-07 12:00:00,united24,1,Positive,1,1,train,not_found
re_00009,"Понівечені будинки в селі Мила, трупи по дорозі, розстріли і спалені машини, оболонки касів і шрапнелі на асфальті - ось як виглядає сьогодні Житомирське шосе, за 25-30 кілометрів від столиці. Військові злочини армії фреоків",по ##нів ##ече ##ні буд ##инки в селі ми ##ла т ##ру ##пи по до ##ро ##зі р ##оз ##стр ##іли і с ##пал ##ені машини об ##оло ##нки ка ##сів і ш ##ра ##п ##не ##лі на а ##с ##фа ##ль ##ті ос ##ь як ви ##гляд ##ає сьогодні ж ##ито ##мир ##ське шо ##се за 253 ##0 к ##іл ##оме ##тр ##ів від столиці військ ##ові з ##ло ##чини армії фр ##ео ##ків,images/re_00009.jpg,50.44258,30.16738,points,2022-04-06 12:00:00,reukraine,1,Negative,1,1,train,not_found
re_00010,В наслідок попадання снарядів зруйновано та спалено багатоповерховий будинок за адресою Київська обл. смт. Гостомель вул. Проскурівська 9,в нас ##лідок поп ##ада ##ння с ##нар ##яд ##ів з ##ру ##йно ##вано та с ##пал ##ено багато ##пов ##ерх ##овий будинок за ад ##рес ##ою ки ##їв ##ська обл смт го ##стом ##ель вул про ##ску ##рів ##ська 9,images/re_00010.jpg,50.59205,30.22108,points,2022-04-02 12:00:00,reukraine,1,Negative,1,1,train,not_found
re_00011,"В будинку повністю зруйнований дах, 6 поверх. Частково зруйновані 5 та пошкоджено 4 поверхи.",в будинку повністю з ##ру ##йно ##ваний да ##х 6 пов ##ерх частково з ##ру ##йно ##ван ##і 5 та по ##шко ##дж ##ено 4 пов ##ерх ##и,images/re_00011.jpg,50.44405,30.16554,points,2022-03-25 12:00:00,reukraine,1,Negative,1,1,train,not_found
re_00012,"В Ірпені триває відбудова багатоповерхівки за адресою: вул. Мечникова, 106, яка зазнала пошкоджень внаслідок збройної агресії рф проти України",в і ##р ##пен ##і три ##ва ##є від ##бу ##дова багато ##пов ##ерх ##ів ##ки за ад ##рес ##ою вул меч ##никова 106 яка за ##зна ##ла по ##шко ##дж ##ень внаслідок з ##бр ##ой ##ної а ##грес ##ії р ##ф проти укр ##а ##ї ##ни,images/re_00012.jpg,50.51884,30.21438,points,2024-05-30 12:00:00,"reukraine, gov, united24",1,Positive,1,1,train,not_found
re_00013,"Ще чотири багатоквартирних будинки в Ірпені – два в ОСББ “Затишний” і два в ОСББ «ЖК “Ново-Оскольський” – відновлено в рамках програми «Віднови ДІМ» від Фонду енергоефективності, який фінансує Європейський Союз. Загалом для участі в цій програмі подали заявки 30 ОСББ Ірпеня. І ми щиро сподіваємося, що завдяки фінансуванню ЄС всі вони будуть відновлені.",ще чотири багато ##ква ##рти ##рних буд ##инки в і ##р ##пен ##і два в ос ##б ##б за ##ти ##шний і два в ос ##б ##б ж ##к нов ##оо ##ско ##ль ##ський від ##нов ##лено в рамках програми від ##нов ##и ді ##м від фонду е ##нер ##го ##еф ##ект ##ивно ##сті який ф ##іна ##нс ##ує євро ##пе ##йський союз за ##галом для участі в цій програм ##і под ##али за ##яв ##ки 30 ос ##б ##б і ##р ##пен ##я і ми щ ##иро с ##по ##дів ##ає ##мос ##я що завдяки ф ##іна ##нс ##ува ##нн ##ю є ##с всі вони будуть від ##нов ##лені,images/re_00013.jpg,50.50779,30.23335,points,2023-05-23 13:07:00,media,1,Positive,1,1,train,not_found
re_00014,"В звязку з воєнним діями Російськими військами на території України, спочатку було обстріляно багатоквартирні будинки та школу в селі Бузова, Бучанського району з танків, градів. А потім ще й авіабомбами.Дані будівлі були зруйновані зовні та з середини. Мирні мешканці залишились без житла, та майна.Були вимушені шукати прихисту в інших областях.",в зв ##яз ##ку з во ##є ##нни ##м ді ##ями рос ##ій ##ськими війська ##ми на території укр ##а ##ї ##ни спочатку було об ##стр ##іл ##ян ##о багато ##ква ##рти ##рні буд ##инки та школу в селі бу ##зова бу ##чан ##ського району з танк ##ів град ##ів а потім ще й а ##ві ##аб ##ом ##бами ##дан ##і будівлі були з ##ру ##йно ##ван ##і з ##ов ##ні та з серед ##ини мир ##ні м ##ешка ##нці зал ##иш ##ились без ж ##ит ##ла та май ##на ##бул ##и ви ##му ##шені ш ##ука ##ти при ##хист ##у в інших областях,images/re_00014.jpg,50.42008,30.04428,points,2022-03-11 12:00:00,reukraine,1,Negative,1,1,train,not_found
re_00015,Російські війська обстрілювали університет 17 серпня. Тоді ракети зруйнували фасадну частину та пошкодили головний вхід. В ніч проти 19 серпня РФ вкотре використала ракети С-300 та влучили в будівлю університету.,рос ##ій ##ські війська об ##стр ##іл ##ю ##вали університет 17 серпня тоді ракет ##и з ##ру ##йну ##вали ф ##аса ##д ##ну частину та по ##шко ##дили головний в ##хід в ні ##ч проти 19 серпня р ##ф в ##кот ##ре ви ##кор ##иста ##ла ракет ##и с ##30 ##0 та в ##лу ##чили в буд ##ів ##лю університету,images/re_00015.jpg,46.97171,32.01530,points,2022-03-01 12:00:00,reukraine,1,Negative,1,1,train,not_found
re_00016,"росія вдарила ракетами «Калібр» по Історичному ареалу - буферній зоні обєкта Всесвітньої спадщини ЮНЕСКО «Львів - Ансамбль історичного центру». Комплекс зі 17 житлових будинків розташований на вул. Стрийській, на розі з вул. Академіка Сахарова під №№50-76в, має статус пам’ятки архітектури місцевого значення.",рос ##ія в ##дар ##ила ракета ##ми калі ##бр по іс ##тори ##чному ар ##е ##алу бу ##фер ##ній з ##оні об ##є ##кта все ##с ##ві ##т ##ньої с ##пад ##щини ю ##нес ##ко л ##ь ##вів ансамбль іс ##тори ##чного центру комплекс зі 17 ж ##ит ##лов ##их буд ##ин ##ків розташований на вул стр ##ий ##ській на р ##оз ##і з вул а ##кад ##ем ##іка са ##хар ##ова під 507 ##6 ##в має статус пам ##ят ##ки архітектури місцевого значення,images/re_00016.jpg,49.82024,24.01995,points,2023-07-06 12:00:00,reukraine,1,Negative,1,1,train,not_found
re_00017,"На цьому заводі було вироблено славнозвісний ударний ракетний крейсер """"Москва"""", головний корабель проєкту 1164 """"Атлант"""", який У 2022 році в складі Чорноморського флоту РФ крейсер брав участь у вторгненні Росії в Україні. Флагман спущений на воду 1979 року з іменем """"Слава"""". З 1983 року служив у Чорноморському флоті СРСР. Точна дата пошкодження заводу не відома, а фото до пошкодження відсутні, оскільки він відноситься до військової інфраструктури і ця інформація є закритою.",на цьому завод ##і було ви ##ро ##бл ##ено сл ##ав ##но ##зв ##іс ##ний удар ##ний ракет ##ний к ##рей ##сер м ##ос ##ква головний кор ##абель про ##є ##кт ##у 116 ##4 ат ##лан ##т який у 2022 році в складі ч ##орно ##мор ##ського флоту р ##ф к ##рей ##сер брав участь у в ##тор ##гне ##нні рос ##ії в укр ##а ##ї ##ні ф ##лаг ##ман с ##пу ##щений на воду 1979 року з ім ##ене ##м слава з 1983 року служи ##в у ч ##орно ##мор ##ському флот ##і с ##рс ##р то ##чна дата по ##шко ##дження заводу не відома а ф ##ото до по ##шко ##дження від ##су ##тні оскільки він від ##носиться до військової ін ##ф ##рас ##тр ##ук ##тури і ця інформація є за ##к ##рито ##ю,images/re_00017.jpg,46.97605,32.00747,points,2023-05-02 14:39:00,reukraine,1,Neutral,1,1,train,not_found
re_00018,старовинна будівля початку XX століття,ст ##аро ##вин ##на буд ##ів ##ля початку xx століття,images/re_00018.jpg,49.99839,36.24160,points,2023-05-27 12:11:00,reukraine,1,Neutral,1,1,train,not_found
re_00019,Прибутковий будинок Ханенків,при ##бу ##тков ##ий будинок хан ##ен ##ків,images/re_00019.jpg,50.44157,30.51508,points,2023-02-05 11:03:00,reukraine,1,Neutral,1,1,train,face_blured
re_00020,"Заклад, що має історичну цінність постраждав в ніч на четвер 3 березня 2022 року, від ракетного удару. Наразі ремонтні роботи не ведуться",за ##клад що має іс ##тори ##чну ці ##нні ##сть пост ##ра ##жда ##в в ні ##ч на че ##тве ##р 3 березня 2022 року від ракет ##ного удар ##у нар ##аз ##і ремонт ##ні роботи не в ##ед ##уть ##ся,images/re_00020.jpg,50.88169,34.78732,points,2023-05-04 13:36:00,reukraine,1,Negative,1,1,train,not_found
re_00021,"Церква перебувала в кварталі колишньої Мироносицькій площі, розмежована нинішніми вулицями Сумської, Жон Мироносиць, Чернишевської та Скрипника. За час свого існування храм кілька разів перебудовувався й пройшов шлях від цвинтарної заміської церкви до приходського храму в самому центрі міста.",церква пер ##еб ##увала в кв ##арта ##лі коли ##шньої мир ##он ##ос ##иць ##кій площі р ##оз ##ме ##жо ##вана нині ##шні ##ми вулиця ##ми сум ##ської ж ##он мир ##он ##ос ##иць че ##рни ##шев ##ської та с ##к ##ри ##п ##ника за час свого існування храм кілька разів пер ##еб ##уд ##ову ##вався й про ##йшов шлях від ц ##вин ##тар ##ної за ##мі ##ської церкви до при ##ход ##ського храму в самому центрі міста,images/re_00021.jpg,49.99882,36.23555,points,2022-03-01 12:00:00,reukraine,1,Neutral,1,1,train,not_found
re_00022,"Памятка історії 260014-Н Постанова Кабінету Міністрів України від 03.09.2009 № 928. Київський міський будинок вчителя. комунальний комплексний позашкільний заклад у системі позашкільних закладів освіти міста Києва, а також споруда, що напередодні революції була відома як «Педагогічний музей», а пізніше як будинок в якому працювала Українська Центральна Рада.",пам ##ят ##ка історії 2600 ##14 ##н поста ##нова каб ##іне ##ту міністр ##ів укр ##а ##ї ##ни від 030 ##9 ##200 ##9 928 ки ##їв ##ський м ##іс ##ький будинок в ##чите ##ля ко ##муна ##льний комплекс ##ний по ##за ##ш ##кіл ##ьний за ##клад у системі по ##за ##ш ##кіл ##ьних за ##кладів освіти міста ки ##єва а також с ##пор ##уда що на ##перед ##од ##ні революції була відома як педагог ##ічний музей а пізніше як будинок в якому працювала українська центра ##льна рада,images/re_00022.jpg,50.44496,30.51352,points,2023-02-19 14:27:00,reukraine,1,Neutral,1,1,train,not_found
re_00023,"Палац «Україна» зазнав руйнувань 31 грудня 2022 року. Тоді росіяни вцілили в сусідній готель «Алфавіто» — відповідно пошкоджені і сусідні будівлі. До речі, обстріл палацу потрапив на відео камер спостереження і працівники закладу оприлюднили це: посилання.",па ##лац укр ##а ##ї ##на за ##знав р ##уй ##нува ##нь 31 грудня 2022 року тоді рос ##ія ##ни в ##ці ##ли ##ли в су ##сі ##дні ##й го ##тель ал ##фа ##ві ##то відповідно по ##шко ##дж ##ені і су ##сі ##дні будівлі до р ##ечі об ##стр ##іл па ##лац ##у по ##тра ##пив на від ##ео кам ##ер с ##по ##стер ##еж ##ення і праці ##вник ##и за ##клад ##у о ##пр ##ил ##ю ##дни ##ли це по ##сил ##ання,images/re_00023.jpg,50.42189,30.52211,points,2022-03-01 12:00:00,reukraine,1,Negative,1,1,train,not_found
re_00024,Корпус пошкоджено під час неодноразових бомбардувань росіськими військами території та будівель Миколаївського суднобудівного заводу протягом весни-літа 2022 року,корпус по ##шко ##дж ##ено під час не ##од ##нора ##зов ##их бо ##мбар ##дува ##нь рос ##іс ##ькими війська ##ми території та буд ##ів ##ель ми ##кол ##а ##їв ##ського судно ##бу ##дів ##ного заводу протягом в ##есни ##лі ##та 2022 року,images/re_00024.jpg,46.95054,31.90533,points,2023-03-03 14:21:00,reukraine,1,Negative,1,1,train,not_found
re_00025,"Уранці 14 липня 2022 російські війська завдали ракетного удару по готелю, внаслідок чого центральна частина будівлі була зруйнована",уран ##ці 14 липня 2022 рос ##ій ##ські війська за ##в ##дали ракет ##ного удар ##у по го ##телю внаслідок чого центра ##льна частина будівлі була з ##ру ##йно ##вана,images/re_00025.jpg,46.96575,32.00136,points,2023-02-28 13:20:00,reukraine,1,Negative,1,1,train,not_found
re_00026,"Будівля в історичній частині міста, де до 2015 року розташовувався Центральний районий суд міста Миколаєва. В лютому 2015 року будівля була визнана аварійною, оскільки внаслідок просадки фундаменту почали руйнуватись стіни. З цієї причини суд було переміщено до іншого місця, а ця будівля з цього часу не використовується. Пошкоджень ця будівля зазнала під час ракетного удару в район перехрестя вулиць Потьомкінська та Декабристів, а також розташованої поруч школи № 7.",буд ##ів ##ля в іс ##тори ##чній частині міста де до 2015 року р ##оз ##та ##шов ##увався центра ##льний райони ##й суд міста ми ##кол ##ає ##ва в лютому 2015 року буд ##ів ##ля була ви ##зна ##на а ##вар ##ій ##ною оскільки внаслідок про ##садки ф ##унда ##менту почали р ##уй ##нува ##ти ##сь ст ##іни з цієї причини суд було пер ##ем ##і ##щено до іншого місця а ця буд ##ів ##ля з цього часу не використовується по ##шко ##дж ##ень ця буд ##ів ##ля за ##зна ##ла під час ракет ##ного удар ##у в район пер ##ех ##рест ##я вул ##иць по ##ть ##ом ##кін ##ська та дека ##бри ##стів а також р ##оз ##та ##шов ##ано ##ї пор ##уч школи 7,images/re_00026.jpg,46.97167,31.98722,points,2023-02-28 09:21:00,reukraine,1,Negative,1,1,train,not_found
re_00027,"Житлова будівлля в стилі """"Ста́лінській ампі́р"""" (від фр. empire — «імперія» і за аналогією з ампіром) зазнала пошкоджень під час масованого обстрілу російськими військами обєктів навколишніх промислової інфраструктури  протягом весни-осені 2022 року.",ж ##ит ##лова буд ##ів ##лля в стилі сталі ##нс ##ькій а ##м ##п ##ір від фр empire ім ##пер ##ія і за ан ##алог ##ією з а ##м ##п ##ір ##ом за ##зна ##ла по ##шко ##дж ##ень під час ма ##сов ##ано ##го об ##стр ##ілу рос ##ій ##ськими війська ##ми об ##є ##кті ##в на ##в ##коли ##шніх про ##ми ##сло ##вої ін ##ф ##рас ##тр ##ук ##тури протягом в ##есни ##ос ##ені 2022 року,images/re_00027.jpg,46.96213,31.97768,points,2023-05-08 08:49:00,reukraine,1,Negative,1,1,train,not_found
re_00028,В ніч на 22 вересня 2022 року будівля була пошкоджена зовні і всередині російським обстрілом міста. Зруйновано театральний скверик,в ні ##ч на 22 вересня 2022 року буд ##ів ##ля була по ##шко ##дж ##ена з ##ов ##ні і все ##реди ##ні рос ##ій ##ським об ##стр ##іл ##ом міста з ##ру ##йно ##вано театра ##льний с ##к ##вер ##ик,images/re_00028.jpg,46.97543,31.99207,points,2023-03-06 12:25:00,reukraine,1,Negative,1,1,train,not_found
re_00029,будівля зазнала числених пошкоджень (переважно вікон) під час масованих обстрілів і бомбардувань російськими військами центральної частини міста протягом весни-осіні 2022 року.,буд ##ів ##ля за ##зна ##ла числе ##них по ##шко ##дж ##ень переважно в ##ік ##он під час ма ##сов ##аних об ##стр ##ілі ##в і бо ##мбар ##дува ##нь рос ##ій ##ськими війська ##ми центра ##льної частини міста протягом в ##есни ##ос ##іні 2022 року,images/re_00029.jpg,46.97695,31.99013,points,2023-03-06 12:15:00,reukraine,1,Negative,1,1,train,not_found
re_00030,Будинок зазнав пошкоджень під час масованих обстрілів центральної частини міста російськими військами в період з весни по осінь 2022 року,будинок за ##знав по ##шко ##дж ##ень під час ма ##сов ##аних об ##стр ##ілі ##в центра ##льної частини міста рос ##ій ##ськими війська ##ми в період з в ##есни по ос ##інь 2022 року,images/re_00030.jpg,46.97541,31.99102,points,2023-03-06 12:09:00,reukraine,1,Negative,1,1,train,not_found
re_00031,Хірургічне відділення КМКЛ,х ##іру ##рг ##іч ##не відділення км ##кл,images/re_00031.jpg,50.44356,30.51115,points,2023-02-19 14:21:00,reukraine,1,Neutral,1,1,train,not_found
re_00032,"Житлова будівлля в стилі """"Ста́лінській ампі́р"""" (від фр. empire — «імперія» і за аналогією з ампіром) — провідний напрям в архітектурі, монументальному та декоративному мистецтві СРСР з кінця 1930-х до середини 1950-х. Прийшов на зміну раціоналізму та конструктивізму. Набув поширення в роки, коли країною керував Йосип Сталін, особливо — у післявоєнний час, коли він був поширений також і в країнах Східної Європи. З боку Привокзальної площі перед будівлею розташований пам""""ятник """"Колгоспниці"""", який було встановлено в радянську епоху. Будівля зазнала пошкоджень під час масованого обстрілу російськими військами обєктів навколишніх промислової інфраструктури протягом весни-осіні 2022 року.",ж ##ит ##лова буд ##ів ##лля в стилі сталі ##нс ##ькій а ##м ##п ##ір від фр empire ім ##пер ##ія і за ан ##алог ##ією з а ##м ##п ##ір ##ом про ##від ##ний на ##пр ##ям в ар ##х ##іт ##ект ##ур ##і м ##ону ##мента ##льному та де ##кор ##ати ##вно ##му мистецтв ##і с ##рс ##р з кінця 1930 ##х до серед ##ини 1950 ##х при ##йшов на з ##міну р ##ац ##іон ##алі ##зму та конс ##тр ##ук ##тив ##ізму на ##був поширення в роки коли країн ##ою к ##еру ##вав й ##ос ##ип сталі ##н особливо у після ##во ##є ##нний час коли він був по ##шир ##ений також і в країнах схід ##ної євро ##пи з боку при ##вок ##зал ##ьної площі перед буд ##ів ##ле ##ю розташований памятник кол ##го ##с ##п ##ниці який було встановлено в рад ##ян ##ську е ##по ##ху буд ##ів ##ля за ##зна ##ла по ##шко ##дж ##ень під час ма ##сов ##ано ##го об ##стр ##ілу рос ##ій ##ськими війська ##ми об ##є ##кті ##в на ##в ##коли ##шніх про ##ми ##сло ##вої ін ##ф ##рас ##тр ##ук ##тури протягом в ##есни ##ос ##іні 2022 року,images/re_00032.jpg,46.95888, 31.97756,points,2023-03-08 08:38:00,reukraine,1,Negative,1,1,train,not_found
re_00033,"Памятка історії 260014-Н Постанова Кабінету Міністрів України від 03.09.2009 № 928. Національна бібліотека імені Михайла Максимовича. Це головна наукова бібліотека Київського національного університету імені Тараса Шевченка. Розміщена в Києві на вулиці Володимирській, 58, поряд з Червоним корпусом Київського університету. Бібліотека заснована разом з університетом у 1834 році.",пам ##ят ##ка історії 2600 ##14 ##н поста ##нова каб ##іне ##ту міністр ##ів укр ##а ##ї ##ни від 030 ##9 ##200 ##9 928 на ##ці ##она ##льна бібліотека імені ми ##хай ##ла ма ##кс ##имов ##ича це голов ##на наук ##ова бібліотека ки ##їв ##ського національного університету імені та ##рас ##а ш ##ев ##чен ##ка р ##оз ##мі ##щена в ки ##єв ##і на вулиці во ##лод ##ими ##рс ##ькій 58 пор ##яд з че ##рв ##они ##м корпус ##ом ки ##їв ##ського університету бібліотека заснована разом з університет ##ом у 1834 році,images/re_00033.jpg,50.44338,30.51194,points,2023-02-19 14:19:00,reukraine,1,Neutral,1,1,train,confidential_personal_data
re_00034,"Памятка історії 260014-Н Постанова Кабінету Міністрів України від 03.09.2009 № 928. Інститут філології Київського національного університету імені Тараса Шевченка. КНУ імені Т. Шевченка – один із лідерів вищої освіти в Україні. Тому пошкодження будівлі (жовтень 2022 року). Будівля цінна і як навчальний корпус, і як приміщення, де є музей-кімната Олеся Гончара.",пам ##ят ##ка історії 2600 ##14 ##н поста ##нова каб ##іне ##ту міністр ##ів укр ##а ##ї ##ни від 030 ##9 ##200 ##9 928 інститут ф ##іл ##ології ки ##їв ##ського національного університету імені та ##рас ##а ш ##ев ##чен ##ка кн ##у імені т ш ##ев ##чен ##ка один із л ##ід ##ерів ви ##щої освіти в укр ##а ##ї ##ні тому по ##шко ##дження будівлі ж ##ов ##тен ##ь 2022 року буд ##ів ##ля ці ##нна і як на ##в ##чал ##ьний корпус і як приміщення де є музей ##кім ##ната ол ##ес ##я го ##н ##чара,images/re_00034.jpg,50.44395,30.51429,points,2023-02-19 14:08:00,reukraine,1,Negative,1,1,train,confidential_personal_data
re_00035,"Міністерство освіти і науки України. Цей об’єкт цікавий в нашому проєкті, адже це центральний орган виконавчої влади сфери освіти.",м ##іні ##стерство освіти і науки укр ##а ##ї ##ни цей об ##є ##кт ці ##кав ##ий в наш ##ому про ##є ##кті ад ##же це центра ##льний орган ви ##кона ##в ##чої влади с ##фери освіти,images/re_00035.jpg,50.44421,30.51216,points,2023-02-19 14:16:00,reukraine,1,Negative,1,1,train,not_found
re_00036,"памятка історії 260050-Н Постанова Кабінету Міністрів України від 03.09.2009 № 928 За цією адресою знаходиться Національний музей «Київська картинна галерея» — один з найвизначніших художніх музеїв України, який 2022 року відзначив 100-річчя з дня свого заснування. Музей, до речі, не припинив діяльності у 2022році, сприймаючи її як свій внесок у майбутню перемогу, захист інтересів нашої країни на культурному фронті, боротьбу за духовність, звільнення від наслідків імперської колоніальної політики, відновлення історичної справедливості, утвердження образу українця як європейця, збагаченого власною історією, самобутньою культурою та мистецтвом. Навіть після пошкоджень, яких зазнала будівля музею від ракетної атаки по центру Києва, музей не припиняє своєї діяльності, продовжуючи свою роботу як над українськими, так і міжнародними проєктами. Музей є одним із найстаріших музеїв Києва. Його колекція одна найбагатших серед художніх музеїв України. Вона нараховує понад 14 000 творів живопису, графіки, скульптури, декоративно-ужиткового мистецтва. Серед найвідоміших музейних пам’яток — ікони XIII-XVII століть, портрети пензлів В.Г. Боровиковського та Д.Г. Левицького, прекрасні колекції пейзажного живопису І.К. Айвазовського, М.М. Ге, І.І. Шишкіна, В.М. Васнецова. Блискучі збірки творів І.Ю. Рєпіна, М.О. Врубеля, художників кінця ХІХ – початку ХХ століття, а також твори сучасних українських митців - свідків сьогодення, які у художній формі відтворюють враження про нинішні події в Україні, випробування, які випали на її долю.",пам ##ят ##ка історії 2600 ##50 ##н поста ##нова каб ##іне ##ту міністр ##ів укр ##а ##ї ##ни від 030 ##9 ##200 ##9 928 за ці ##єю ад ##рес ##ою знаходиться на ##ціональний музей ки ##їв ##ська картин ##на га ##лер ##ея один з най ##ви ##зна ##чні ##ших худ ##о ##жні ##х му ##зе ##їв укр ##а ##ї ##ни який 2022 року від ##зна ##чив 100 ##рі ##ч ##чя з дня свого за ##с ##нування музей до р ##ечі не при ##пи ##нив діяльності у 2022 ##ро ##ці с ##пр ##ий ##ма ##ючи її як свій вне ##сок у май ##бу ##т ##ню перемогу за ##хист ін ##тер ##есі ##в наш ##ої країни на культур ##ному фронт ##і бо ##рот ##ьбу за дух ##ов ##ність зв ##іль ##нення від нас ##лі ##д ##ків ім ##пер ##ської коло ##ні ##альної політики від ##новлення іс ##тори ##чної справ ##ед ##ливо ##сті у ##тве ##рд ##ження образ ##у укр ##а ##ї ##нця як євро ##пе ##й ##ця з ##ба ##га ##ченого в ##лас ##ною іс ##тор ##ією само ##бу ##т ##ньою культур ##ою та мистецтв ##ом навіть після по ##шко ##дж ##ень яких за ##зна ##ла буд ##ів ##ля музею від ракет ##ної атаки по центру ки ##єва музей не при ##пи ##ня ##є своєї діяльності про ##дов ##жу ##ючи свою роботу як над укр ##а ##ї ##нс ##ькими так і між ##народни ##ми про ##є ##кта ##ми музей є одним із най ##стар ##і ##ших му ##зе ##їв ки ##єва його кол ##ек ##ція одна най ##ба ##гат ##ших серед худ ##о ##жні ##х му ##зе ##їв укр ##а ##ї ##ни вона нар ##ах ##ову ##є понад 14 000 творів жив ##опис ##у граф ##іки с ##кул ##ь ##п ##тури де ##кор ##ати ##вно ##у ##жит ##кового мистецтва серед най ##від ##омі ##ших музей ##них пам ##ято ##к і ##кон ##и x ##ii ##ix ##vi ##i сто ##лі ##ть портрет ##и пен ##з ##лів в ##г бо ##ров ##иков ##ського та д ##г ле ##ви ##цького пре ##к ##рас ##ні кол ##ек ##ції п ##ей ##за ##жного жив ##опис ##у і ##к ай ##ва ##зов ##ського мм ге і ##і ши ##ш ##кін ##а в ##м ва ##сне ##цова б ##лис ##ку ##чі з ##бір ##ки творів і ##ю р ##є ##п ##іна м ##о в ##ру ##бе ##ля художник ##ів кінця х ##іх початку х ##х століття а також твори сучасних українських ми ##т ##ців св ##ід ##ків с ##ього ##ден ##ня які у худ ##о ##жній формі від ##твор ##юють в ##раження про нині ##шні події в укр ##а ##ї ##ні ви ##про ##бування які ви ##пали на її до ##лю,images/re_00036.jpg,50.44245,30.51493,points,2023-02-19 13:58:00,reukraine,1,Positive,1,1,train,not_found
re_00037,"Постраждав від обстрілів і будинок Ханенків – колишній прибутковий будинок. Наразі це житловий будинок, зведений зведено у 1910 р., архітектор П. Андрєєв або Р.-Ф. Мельцер. У 1913 році колекціонер та меценат Ханенко Богдан Іванович купив будинок та перевів його на імя дружини Варвари Миколаївни. Замість триповерхового було зведено великий шестиповерховий прибутковий будинок, другий поверх якого (зєднаний з № 15 дверима - пізніше закладеними) призначався для розширення експозиції колекції картин.",пост ##ра ##жда ##в від об ##стр ##ілі ##в і будинок хан ##ен ##ків колишній при ##бу ##тков ##ий будинок нар ##аз ##і це ж ##ит ##лов ##ий будинок зв ##еде ##ний зв ##едено у 1910 р ар ##х ##іт ##ектор п ан ##др ##є ##єв або р ##ф м ##ель ##цер у 1913 році кол ##ек ##ці ##оне ##р та м ##ец ##ена ##т хан ##енко бог ##дан і ##вано ##вич к ##уп ##ив будинок та пер ##ев ##ів його на імя др ##ужини ва ##рва ##ри ми ##кол ##а ##їв ##ни замість три ##пов ##ерх ##ового було зв ##едено великий шести ##пов ##ерх ##овий при ##бу ##тков ##ий будинок другий пов ##ерх якого з ##є ##дна ##ний з 15 две ##рим ##а пізніше за ##клад ##еним ##и приз ##на ##чав ##ся для р ##оз ##шир ##ення е ##кс ##по ##зи ##ції кол ##ек ##ції картин,images/re_00037.jpg,50.44279,30.51532,points,2023-02-19 14:02:00,reukraine,1,Negative,1,1,train,not_found
re_00038,"Будинок з меморіальною дошкою Павла Чубинського. Павло Чубинський — журналіст, етнограф, історик, географ, дослідник Печорського краю і Заполярного Уралу. Автор слів Гімну України. Меморіальна дошка автору українського національного гімну Чубинському Павлу Платоновичу відкрита в 1993 р. на колишній будівлі другої Київської гімназії, в якій він навчався.",будинок з м ##ем ##орі ##ально ##ю до ##шко ##ю па ##в ##ла чу ##бин ##ського па ##в ##ло чу ##бин ##ський журнал ##іст е ##тно ##граф іс ##тори ##к ге ##ограф до ##сл ##ід ##ник п ##еч ##ор ##ського краю і за ##поля ##рного у ##рал ##у автор сл ##ів г ##ім ##ну укр ##а ##ї ##ни м ##ем ##орі ##альна до ##шка автор ##у українського національного г ##ім ##ну чу ##бин ##ському па ##в ##лу плато ##нов ##ич ##у від ##крита в 1993 р на колишній будівлі другої ки ##їв ##ської г ##ім ##на ##зії в якій він навчався,images/re_00038.jpg,50.44452,30.51081,points,2023-02-19 14:12:00,reukraine,1,Neutral,1,1,train,not_found
re_00039,"Миколаївський національний університет імені В. О. Сухомлинського – вищий навчальний заклад IV рівня акредитації. Заснований у 1913 р. як учительський інститут; подальший шлях пройшов від педагогічного інституту до університету, якому у 2010 р. надано високий статус національного.",ми ##кол ##а ##їв ##ський на ##ціональний університет імені в о су ##хом ##лин ##ського ви ##щий на ##в ##чал ##ьний за ##клад i ##v рівня а ##к ##реди ##тації заснований у 1913 р як учител ##ьський інститут под ##аль ##ший шлях про ##йшов від педагог ##ічного інституту до університету якому у 2010 р над ##ано ви ##сокий статус національного,images/re_00039.jpg,50.44257,30.51385,points,2023-02-19 13:56:00,reukraine,1,Neutral,1,1,train,not_found
re_00040,Будівля пошкоджена/зруйнована через військову агресію рф проти України,буд ##ів ##ля по ##шко ##дж ##ена ##з ##ру ##йно ##вана через військ ##ову а ##грес ##ію р ##ф проти укр ##а ##ї ##ни,images/re_00040.jpg,50.03968,36.34920,points,2023-04-18 06:26:00,reukraine,1,Negative,1,1,train,not_found
re_00041,"Після російської ракетної атаки в жовтні 2022 року постраждало кілька культурних інституцій у центрі Києва, серед них – і Київська Національна картинна галерея. У музеї були вибиті майже всі вікна, частково був пошкоджений скляний дах і вхід. Подолання наслідків руйнувань тривало два роки й здійснювалося за кошти столиці з дотриманням всіх вимог до реставрації пам’ятки національного значення.",після російської ракет ##ної атаки в жовтні 2022 року пост ##ра ##жда ##ло кілька культур ##них ін ##сти ##ту ##цій у центрі ки ##єва серед них і ки ##їв ##ська на ##ці ##она ##льна картин ##на га ##лер ##ея у му ##зе ##ї були ви ##бит ##і майже всі в ##ік ##на частково був по ##шко ##дж ##ений с ##кл ##ян ##ий да ##х і в ##хід под ##ола ##ння нас ##лі ##д ##ків р ##уй ##нува ##нь три ##вало два роки й з ##ді ##й ##с ##ню ##валося за ко ##шти столиці з до ##три ##ман ##ням всіх ви ##мо ##г до р ##еста ##вра ##ції пам ##ят ##ки національного значення,images/re_00041.jpg,50.44381,30.51603,points,2023-02-19 13:55:00,"reukraine, media",1,Positive,1,1,train,not_found
re_00042,Будівля пошкоджена/зруйнована через військову агресію рф проти України,буд ##ів ##ля по ##шко ##дж ##ена ##з ##ру ##йно ##вана через військ ##ову а ##грес ##ію р ##ф проти укр ##а ##ї ##ни,images/re_00042.jpg,50.03966,36.34916,points,2023-04-18 06:27:00,reukraine,1,Negative,1,1,train,not_found
re_00043,Будівля пошкоджена/зруйнована через військову агресію рф проти України,буд ##ів ##ля по ##шко ##дж ##ена ##з ##ру ##йно ##вана через військ ##ову а ##грес ##ію р ##ф проти укр ##а ##ї ##ни,images/re_00043.jpg,50.03899,36.35015,points,2023-04-18 06:24:00,reukraine,1,Negative,1,1,train,not_found
re_00044,Будівля пошкоджена/зруйнована через військову агресію рф проти України,буд ##ів ##ля по ##шко ##дж ##ена ##з ##ру ##йно ##вана через військ ##ову а ##грес ##ію р ##ф проти укр ##а ##ї ##ни,images/re_00044.jpg,49.99743,36.23188,points,2023-03-24 11:02:00,reukraine,1,Negative,1,1,train,not_found
re_00045,Будівля пошкоджена/зруйнована через військову агресію рф проти України,буд ##ів ##ля по ##шко ##дж ##ена ##з ##ру ##йно ##вана через військ ##ову а ##грес ##ію р ##ф проти укр ##а ##ї ##ни,images/re_00045.jpg,50.03741,36.34722,points,2023-03-18 06:28:00,reukraine,1,Negative,1,1,train,not_found
re_00046,Будівля пошкоджена/зруйнована через військову агресію рф проти України,буд ##ів ##ля по ##шко ##дж ##ена ##з ##ру ##йно ##вана через військ ##ову а ##грес ##ію р ##ф проти укр ##а ##ї ##ни,images/re_00046.jpg,50.03987,36.35112,points,2023-03-18 06:23:00,reukraine,1,Negative,1,1,train,not_found
re_00047,Будівля пошкоджена/зруйнована через військову агресію рф проти України,буд ##ів ##ля по ##шко ##дж ##ена ##з ##ру ##йно ##вана через військ ##ову а ##грес ##ію р ##ф проти укр ##а ##ї ##ни,images/re_00047.jpg,50.03758,36.34954,points,2023-04-18 06:12:00,reukraine,1,Negative,1,1,train,not_found
re_00048,Будівля пошкоджена/зруйнована через військову агресію рф проти України,буд ##ів ##ля по ##шко ##дж ##ена ##з ##ру ##йно ##вана через військ ##ову а ##грес ##ію р ##ф проти укр ##а ##ї ##ни,images/re_00048.jpg,50.03907,36.35339,points,2023-04-18 06:21:00,reukraine,1,Negative,1,1,train,not_found
re_00049,Будівля пошкоджена/зруйнована через військову агресію рф проти України,буд ##ів ##ля по ##шко ##дж ##ена ##з ##ру ##йно ##вана через військ ##ову а ##грес ##ію р ##ф проти укр ##а ##ї ##ни,images/re_00049.jpg,50.03804,36.35267,points,2023-04-18 06:15:00,reukraine,1,Negative,1,1,train,not_found
re_00050,Будівля пошкоджена/зруйнована через військову агресію рф проти України,буд ##ів ##ля по ##шко ##дж ##ена ##з ##ру ##йно ##вана через військ ##ову а ##грес ##ію р ##ф проти укр ##а ##ї ##ни,images/re_00050.jpg,50.03909,36.35151,points,2023-04-18 06:21:00,reukraine,1,Negative,1,1,train,not_found
re_00051,Будівля пошкоджена/зруйнована через військову агресію рф проти України,буд ##ів ##ля по ##шко ##дж ##ена ##з ##ру ##йно ##вана через військ ##ову а ##грес ##ію р ##ф проти укр ##а ##ї ##ни,images/re_00051.jpg,50.03619,36.34992,points,2023-04-18 06:10:00,reukraine,1,Negative,1,1,train,not_found
re_00052,Будівля пошкоджена/зруйнована через військову агресію рф проти України,буд ##ів ##ля по ##шко ##дж ##ена ##з ##ру ##йно ##вана через військ ##ову а ##грес ##ію р ##ф проти укр ##а ##ї ##ни,images/re_00052.jpg,50.03598,36.35159,points,2023-04-18 06:08:00,reukraine,1,Negative,1,1,train,not_found
re_00053,Будівля пошкоджена/зруйнована через військову агресію рф проти України,буд ##ів ##ля по ##шко ##дж ##ена ##з ##ру ##йно ##вана через військ ##ову а ##грес ##ію р ##ф проти укр ##а ##ї ##ни,images/re_00053.jpg,50.03868,36.35437,points,2023-04-18 06:17:00,reukraine,1,Negative,1,1,train,not_found
re_00054,Будівля пошкоджена/зруйнована через військову агресію рф проти України,буд ##ів ##ля по ##шко ##дж ##ена ##з ##ру ##йно ##вана через військ ##ову а ##грес ##ію р ##ф проти укр ##а ##ї ##ни,images/re_00054.jpg,50.03387,36.35193,points,2023-04-18 06:06:00,reukraine,1,Negative,1,1,train,not_found
re_00055,Будівля пошкоджена/зруйнована через військову агресію рф проти України,буд ##ів ##ля по ##шко ##дж ##ена ##з ##ру ##йно ##вана через військ ##ову а ##грес ##ію р ##ф проти укр ##а ##ї ##ни,images/re_00055.jpg,50.03424,36.34895,points,2023-04-18 06:04:00,reukraine,1,Negative,1,1,train,not_found
re_00056,Будівля пошкоджена/зруйнована через військову агресію рф проти України,буд ##ів ##ля по ##шко ##дж ##ена ##з ##ру ##йно ##вана через військ ##ову а ##грес ##ію р ##ф проти укр ##а ##ї ##ни,images/re_00056.jpg,50.03410,36.34626,points,2023-04-18 06:01:00,reukraine,1,Negative,1,1,train,not_found
re_00057,Будівля пошкоджена/зруйнована через військову агресію рф проти України,буд ##ів ##ля по ##шко ##дж ##ена ##з ##ру ##йно ##вана через військ ##ову а ##грес ##ію р ##ф проти укр ##а ##ї ##ни,images/re_00057.jpg,50.03340,36.34449,points,2023-04-18 05:56:00,reukraine,1,Negative,1,1,train,not_found
re_00058,Будівля пошкоджена/зруйнована через військову агресію рф проти України,буд ##ів ##ля по ##шко ##дж ##ена ##з ##ру ##йно ##вана через військ ##ову а ##грес ##ію р ##ф проти укр ##а ##ї ##ни,images/re_00058.jpg,50.02998,36.34589,points,2023-04-18 05:50:00,reukraine,1,Negative,1,1,train,not_found
re_00059,Будівля пошкоджена/зруйнована через військову агресію рф проти України,буд ##ів ##ля по ##шко ##дж ##ена ##з ##ру ##йно ##вана через військ ##ову а ##грес ##ію р ##ф проти укр ##а ##ї ##ни,images/re_00059.jpg,50.02901,36.34224,points,2023-04-18 05:45:00,reukraine,1,Negative,1,1,train,not_found
re_00060,Будівля пошкоджена/зруйнована через військову агресію рф проти України,буд ##ів ##ля по ##шко ##дж ##ена ##з ##ру ##йно ##вана через військ ##ову а ##грес ##ію р ##ф проти укр ##а ##ї ##ни,images/re_00060.jpg,50.00783,36.23743,points,2023-04-18 05:02:00,reukraine,1,Negative,1,1,train,not_found
re_00061,Будівля пошкоджена/зруйнована через військову агресію рф проти України,буд ##ів ##ля по ##шко ##дж ##ена ##з ##ру ##йно ##вана через військ ##ову а ##грес ##ію р ##ф проти укр ##а ##ї ##ни,images/re_00061.jpg,50.47437,34.95791,points,2023-04-01 12:56:00,reukraine,1,Negative,1,1,train,not_found
re_00062,"Внаслідок ракетного удару пошкоджено фасади, вікна та світловий дах пам’ятки історії, архітектури та містобудування національного значення - будівлі Музею Богдана та Варвари Ханенків, зведеної у 1887-91 рр. (охоронний № 260049-Н). Музейна експозиція не постраждала.",внаслідок ракет ##ного удар ##у по ##шко ##дж ##ено ф ##аса ##ди в ##ік ##на та світ ##лов ##ий да ##х пам ##ят ##ки історії архітектури та місто ##бу ##дування національного значення будівлі музею бог ##дана та ва ##рва ##ри хан ##ен ##ків зв ##едено ##ї у 1887 ##91 рр о ##хо ##рон ##ний 2600 ##49 ##н музей ##на е ##кс ##по ##зи ##ція не пост ##ра ##жда ##ла,images/re_00062.jpg,50.47048,34.96189,points,2023-04-01 12:29:00,reukraine,1,Negative,1,1,train,not_found
re_00063,"Колекція музею включає оригінальні твори живопису європейських майстрів, як-от: Пітера Пауля Рубенса, Джентіле Белліні, Хуана Сурбарана, Жака-Луї Давіда, Франсуа Буше. Є збірки скульптури та прикладного мистецтва Європи, колекції красного й ужиткового мистецтва Ірану, Тибету, Китаю та Японії, невеликі збірки мистецтва давнього Єгипту, Давньої Греції та Риму.",кол ##ек ##ція музею включає о ##ри ##гін ##альні твори жив ##опис ##у євро ##пе ##йських май ##стрів як ##от п ##іт ##ера па ##уля р ##уб ##енс ##а д ##жен ##ті ##ле бел ##лін ##і х ##уан ##а су ##рб ##аран ##а жа ##кал ##у ##ї дав ##ід ##а фран ##су ##а бу ##ше є з ##бір ##ки с ##кул ##ь ##п ##тури та при ##клад ##ного мистецтва євро ##пи кол ##ек ##ції к ##рас ##ного й у ##жит ##кового мистецтва і ##рану ти ##бет ##у кит ##аю та яп ##оні ##ї не ##вели ##кі з ##бір ##ки мистецтва дав ##нього є ##ги ##п ##ту дав ##ньої гр ##ец ##ії та р ##им ##у,images/re_00063.jpg,50.47394,34.95814,points,2023-04-01 13:01:00,reukraine,1,Neutral,1,1,train,not_found
re_00064,"Музей розміщено у центрі Києва у двох будинках кінця 19 століття по вулиці Терещенківській, які є памятками історії та архітектури. В історичному будинку Ханенків працює постійна експозиція красного та ужиткового мистецтва Європи XIV—XVIII століть. Крім цього, в окремому залі цієї частини музею з 2004 року представлено унікальну збірку ранньовізантійських «синайських» ікон VI—VII століття. На першому поверсі дому експонуються твори мистецтва Давнього світу.",музей р ##оз ##мі ##щено у центрі ки ##єва у двох буд ##ин ##ках кінця 19 століття по вулиці те ##ре ##щен ##ків ##ській які є пам ##ят ##ками історії та архітектури в іс ##тори ##чному будинку хан ##ен ##ків працює пост ##ій ##на е ##кс ##по ##зи ##ція к ##рас ##ного та у ##жит ##кового мистецтва євро ##пи x ##iv ##x ##vi ##ii сто ##лі ##ть крім цього в ок ##рем ##ому зал ##і цієї частини музею з 2004 року представлен ##о ун ##іка ##льну з ##бір ##ку р ##ан ##ньо ##ві ##зан ##ті ##йських сина ##йських і ##кон vi ##vi ##i століття на першому пов ##ерс ##і дому е ##кс ##пон ##уються твори мистецтва дав ##нього світу,images/re_00064.jpg,50.47138,34.96086,points,2023-04-01 13:33:00,reukraine,1,Neutral,1,1,train,not_found
re_00065,Будівля пошкоджена/зруйнована через військову агресію рф проти України,буд ##ів ##ля по ##шко ##дж ##ена ##з ##ру ##йно ##вана через військ ##ову а ##грес ##ію р ##ф проти укр ##а ##ї ##ни,images/re_00065.jpg,50.47881,34.96539,points,2023-04-01 13:32:00,reukraine,1,Negative,1,1,train,not_found
re_00066,Фонди музею налічують більше 25 000 предметів. Близько 1000 вибраних артефактів експонується постійно.,фонд ##и музею на ##лі ##чу ##ють більше 25 000 предмет ##ів близько 1000 ви ##брани ##х ар ##те ##фа ##кті ##в е ##кс ##пон ##ується постійно,images/re_00066.jpg,50.47779,34.96510,points,2023-04-01 13:15:00,reukraine,1,Neutral,1,1,train,not_found
re_00067,Основою колекції музею є художнє зібрання Богдана та Варвари Ханенків — українських колекціонерів та благодійників кінця 19 — початку 20 століття.,ос ##ново ##ю кол ##ек ##ції музею є худ ##о ##ж ##нє зі ##бран ##ня бог ##дана та ва ##рва ##ри хан ##ен ##ків українських кол ##ек ##ці ##оне ##рів та б ##лаг ##од ##ій ##ників кінця 19 початку 20 століття,images/re_00067.jpg,50.48097,34.96621,points,2023-04-01 13:48:00,reukraine,1,Neutral,1,1,train,not_found
re_00068,Внаслідок ракетного удару пошкоджено фасади та вікна пам’ятки історії та архітектури місцевого значення - житлового будинку зведеного у 1934-35 рр. (охоронний № 1111-Кв). Також постраждали вікна музею-квартири Павла Тичини розташованої в цьому будинку.10.10.2022ПамяткаСтаровинні будівліМузеї,внаслідок ракет ##ного удар ##у по ##шко ##дж ##ено ф ##аса ##ди та в ##ік ##на пам ##ят ##ки історії та архітектури місцевого значення ж ##ит ##лов ##ого будинку зв ##едено ##го у 1934 ##35 рр о ##хо ##рон ##ний 1111 ##к ##в також пост ##ра ##жда ##ли в ##ік ##на музею ##ква ##рти ##ри па ##в ##ла ти ##чини р ##оз ##та ##шов ##ано ##ї в цьому будинку ##10 ##10 ##20 ##22 ##па ##мя ##тка ##стар ##овин ##ні будівлі ##му ##зе ##ї,images/re_00068.jpg,50.44406,30.51556,points,2023-03-21 05:19:00,reukraine,1,Negative,1,1,train,not_found
re_00069,Ірпінська Біблійна Семінарія (будівля ХХ-ХХІ ст.)Героїв 22/3 Ірпінь Київська обл. 08200Відомо що обстріл Семінарії був у межах 8-10 години ранку 20 березня. Близько 30 мінометних снарядів потрапили до приміщення ІБС. Зазначається що також під дах залетів заряд вибухової речовини.,і ##р ##п ##ін ##ська б ##і ##бл ##ій ##на се ##міна ##рія буд ##ів ##ля х ##х ##х ##х ##і ст ##гер ##ої ##в 223 і ##р ##п ##інь ки ##їв ##ська обл 08 ##200 ##від ##омо що об ##стр ##іл се ##міна ##рії був у межах 810 години р ##ан ##ку 20 березня близько 30 м ##ін ##оме ##тних с ##нар ##яд ##ів по ##тра ##пили до приміщення і ##б ##с за ##значається що також під да ##х зал ##еті ##в за ##ряд ви ##бу ##хов ##ої р ##еч ##овини,images/re_00069.jpg,50.52885,30.26333,points,2023-04-08 15:14:00,reukraine,1,Negative,1,1,train,not_found
re_00070,Пам’ятник святому Апостолу Андрію Первозванному (споруджено у 2011 р.)Гостомельське шосе 47-49 м. Гостомель Внаслідок обстрілів частково зруйновано пам’ятник святому Апостолу Андрію Первозванному встановлений у 2011 р. біля входу до церкви святих Пророка Іллі та Апостола Андрія Первозванного.,памятник свят ##ому а ##по ##сто ##лу ан ##др ##ію пер ##во ##зва ##нно ##му с ##пор ##уд ##жено у 2011 р ##го ##стом ##ель ##ське шо ##се 474 ##9 м го ##стом ##ель внаслідок об ##стр ##ілі ##в частково з ##ру ##йно ##вано памятник свят ##ому а ##по ##сто ##лу ан ##др ##ію пер ##во ##зва ##нно ##му в ##стан ##ов ##лений у 2011 р біля в ##ходу до церкви свят ##их про ##рока іл ##лі та а ##по ##сто ##ла ан ##др ##ія пер ##во ##зва ##нного,images/re_00070.jpg,50.54507,30.26347,points,2023-04-08 17:00:00,reukraine,1,Neutral,1,1,train,not_found
re_00071,"Братська могила воїнів і памятник землякам які загинули в роки Великої Вітчизняної війни (встановлений у 1951 р.)Кулішова 59 м. Гостомель""Внаслідок обстрілів пошкоджено пам’ятку історії місцевого значення - братську могилу 30 воїнів Радянської Армії і памятник воїнам-землякам які загинули в роки Великої Вітчизняної війни 1941-45 рр. встановлений у 1951 р.",брат ##ська мог ##ила во ##ї ##нів і памятник земля ##кам які за ##гин ##ули в роки вели ##кої в ##іт ##чи ##з ##ня ##ної війни в ##стан ##ов ##лений у 1951 р ##кул ##і ##шов ##а 59 м го ##стом ##ель ##вна ##сл ##ід ##ок об ##стр ##ілі ##в по ##шко ##дж ##ено пам ##ят ##ку історії місцевого значення брат ##ську мог ##ил ##у 30 во ##ї ##нів радянської армії і памятник во ##ї ##нам ##зе ##м ##ля ##кам які за ##гин ##ули в роки вели ##кої в ##іт ##чи ##з ##ня ##ної війни 1941 ##45 рр в ##стан ##ов ##лений у 1951 р,images/re_00071.jpg,50.55311,30.29539,points,2023-04-08 16:53:00,reukraine,1,Neutral,1,1,train,not_found
re_00072,церкви святого Андрія Первозваного збудованої у 2010-16 рр. Богдана Хмельницького 7 м. БучаВнаслідок обстрілу пошкоджено вікна та фасади церкви святого Андрія Первозваного збудованої у 2010-16 рр. (не перебуває на обліку).,церкви святого ан ##др ##ія пер ##во ##зва ##ного з ##будовано ##ї у 2010 ##16 рр бог ##дана х ##ме ##ль ##ницького 7 м бу ##чав ##нас ##лідок об ##стр ##ілу по ##шко ##дж ##ено в ##ік ##на та ф ##аса ##ди церкви святого ан ##др ##ія пер ##во ##зва ##ного з ##будовано ##ї у 2010 ##16 рр не пер ##еб ##ува ##є на обл ##іку,images/re_00072.jpg,50.54990,30.20558,points,2023-04-08 15:45:00,reukraine,1,Negative,1,1,train,not_found
re_00073,Церква Петра і Павла у Бучівулиця Тургенєва 7 Буча Київська обл. 08292У зв’язку з обстрілом пошкоджений Храм святих апостолів Петра і Павла – будівля XX століття: постраждав купол храму вибиті вікна зруйновані колодязь й адміністративні будівлі на території святині.,церква пет ##ра і па ##в ##ла у бу ##чів ##ули ##ця тур ##ген ##єва 7 бу ##ча ки ##їв ##ська обл 08 ##2 ##9 ##2 ##у зв ##яз ##ку з об ##стр ##іл ##ом по ##шко ##дж ##ений храм свят ##их а ##по ##сто ##лів пет ##ра і па ##в ##ла буд ##ів ##ля xx століття пост ##ра ##жда ##в к ##уп ##ол храму ви ##бит ##і в ##ік ##на з ##ру ##йно ##ван ##і коло ##дя ##зь й ад ##мін ##іст ##рати ##вні будівлі на території свят ##ині,images/re_00073.jpg,50.55287,30.23848,points,2023-04-08 16:18:00,reukraine,1,Negative,1,1,train,not_found
re_00074,Тихенько 5 Ірпінь житловий будинок,тих ##ень ##ко 5 і ##р ##п ##інь ж ##ит ##лов ##ий будинок,images/re_00074.jpg,50.51743,30.23686,points,2023-04-08 15:56:00,reukraine,1,Neutral,1,1,train,not_found
re_00075,Пам’ятник робочим загиблим у Другій світовій війні (реконструйовано у 2016 р.)Соборна 183 м. Ірпінь Внаслідок обстрілів пошкоджено пам’ятник робітникам Бучанського цегляного заводу полеглим у роки Другої світової війни (реконструйований у 2016 р. на обліку не перебуває).,памятник р ##об ##о ##чим за ##ги ##бл ##им у другій світ ##овій війні рек ##он ##стр ##уй ##овано у 2016 р ##со ##бор ##на 183 м і ##р ##п ##інь внаслідок об ##стр ##ілі ##в по ##шко ##дж ##ено памятник робіт ##никам бу ##чан ##ського це ##г ##лян ##ого заводу поле ##гли ##м у роки другої світової війни рек ##он ##стр ##уй ##ований у 2016 р на обл ##іку не пер ##еб ##ува ##є,images/re_00075.jpg,50.53352,30.23237,points,2023-04-08 15:14:00,reukraine,1,Negative,1,1,train,not_found
re_00076,Державний податковий університетУніверситетська 31. м. Ірпінь. Київська область. 08205.Державний податковий університет постраждав у перший день повномасштабної війни 24 лютого. Незважаючи на небезпеку керівництво та викладачі закладу залишилися в Ірпені допомагати. Сюди приходили ховатися місцеві жителі. Заклад був своєрідною фортецею для місцевих але вже 23 березня внаслідок влучання ракети загорівся центральний корпус університету а згодом 25-го березня сюди увірвалися росіяни. На щастя українські військові змогли вибити ворога але сам Ірпінь та університет зазнали серйозних руйнувань.,державний под ##ат ##ковий університету ##нів ##ерс ##итет ##ська 31 м і ##р ##п ##інь ки ##їв ##ська область 08 ##20 ##5 ##дер ##жав ##ний под ##ат ##ковий університет пост ##ра ##жда ##в у перший день пов ##ном ##ас ##шта ##бно ##ї війни 24 лютого не ##зважаючи на не ##бе ##з ##пе ##ку к ##ерів ##ництво та ви ##клад ##ач ##і за ##клад ##у зал ##иш ##илися в і ##р ##пен ##і доп ##ома ##гат ##и с ##ю ##ди при ##ходили х ##ова ##тися місце ##ві жителі за ##клад був своє ##рі ##дно ##ю ф ##орт ##ец ##ею для місцевих але вже 23 березня внаслідок в ##лу ##чання ракет ##и за ##гор ##ів ##ся центра ##льний корпус університету а згодом 25 ##го березня с ##ю ##ди у ##вір ##валися рос ##ія ##ни на щ ##аст ##я укр ##а ##їнські військ ##ові з ##мо ##гли ви ##бити во ##рога але сам і ##р ##п ##інь та університет за ##зна ##ли се ##р ##йо ##зни ##х р ##уй ##нува ##нь,images/re_00076.jpg,50.52258,30.22562,points,2023-04-08 15:02:00,reukraine,1,Negative,1,1,train,not_found
re_00077,Буч цегляний завод,бу ##ч це ##г ##лян ##ий завод,images/re_00077.jpg,50.53431,30.23359,points,2023-04-08 14:01:00,reukraine,1,Neutral,1,1,train,not_found
re_00078,15 березня 2022 року росіяни завдали ракетного удару по Києву вибуховою хвилею пошкоджено віконні конструкції бізнес-центру LUWR з 8 до 17 поверху.,15 березня 2022 року рос ##ія ##ни за ##в ##дали ракет ##ного удар ##у по ки ##єв ##у ви ##бу ##хов ##ою х ##вил ##ею по ##шко ##дж ##ено в ##ік ##он ##ні конс ##тр ##укції б ##із ##нес ##цент ##ру lu ##wr з 8 до 17 пов ##ерху,images/re_00078.jpg,50.46476,30.47880,points,2023-03-27 07:23:00,reukraine,1,Negative,1,1,train,not_found
re_00079,Тищенько 5 Ірпінь тренажерний зал,ти ##щен ##ько 5 і ##р ##п ##інь т ##рена ##жер ##ний зал,images/re_00079.jpg,50.51708,30.23546,points,2023-04-08 14:58:00,reukraine,1,Neutral,1,1,train,not_found
re_00080,"У переддень нового року, 31 грудня 2022, внаслідок ракетної атаки було ушкоджено будівлі Виставкового кампусу Київського національного університету імені Тараса Шевченка. ""Співробітники університету самостійно прибирали територію від розбитого скла та закривали вибиті вікна плівкою та фанерою. Для повноцінного відновлення знадобляться «значні ресурси», зазначають в університеті. "" Співробітники університету самостійно прибирали територію від розбитого скла та закривали вибиті вікна плівкою та фанерою. Для повноцінного відновлення знадобляться «значні ресурси», зазначають в університеті.",у перед ##ден ##ь нового року 31 грудня 2022 внаслідок ракет ##ної атаки було у ##шко ##дж ##ено будівлі ви ##став ##кового кам ##пус ##у ки ##їв ##ського національного університету імені та ##рас ##а ш ##ев ##чен ##ка с ##п ##ів ##ро ##бі ##тник ##и університету само ##сті ##йно при ##бира ##ли територію від р ##оз ##бито ##го с ##кла та за ##к ##рива ##ли ви ##бит ##і в ##ік ##на п ##лів ##кою та ф ##ане ##ро ##ю для пов ##но ##ці ##нного від ##новлення з ##над ##об ##ляться з ##на ##чні р ##ес ##урси за ##зна ##чають в університеті с ##п ##ів ##ро ##бі ##тник ##и університету само ##сті ##йно при ##бира ##ли територію від р ##оз ##бито ##го с ##кла та за ##к ##рива ##ли ви ##бит ##і в ##ік ##на п ##лів ##кою та ф ##ане ##ро ##ю для пов ##но ##ці ##нного від ##новлення з ##над ##об ##ляться з ##на ##чні р ##ес ##урси за ##зна ##чають в університеті,images/re_00080.jpg,50.38134,30.47192,points,2023-03-21 10:00:00,reukraine,1,Negative,1,1,train,not_found
re_00081,Соборна 183 Ірпінь Київська обл. 08200Адмінбудівля (гуртожиток) 4 поверхи,собор ##на 183 і ##р ##п ##інь ки ##їв ##ська обл 08 ##200 ##ад ##мін ##бу ##дів ##ля гурт ##о ##жит ##ок 4 пов ##ерх ##и,images/re_00081.jpg,50.53383,30.23326,points,2023-04-08 13:46:00,reukraine,1,Neutral,1,1,train,not_found
re_00082,"У переддень нового року, 31 грудня 2022, внаслідок ракетної атаки було ушкоджено будівлі Виставкового кампусу Київського національного університету імені Тараса Шевченка. ""Співробітники університету самостійно прибирали територію від розбитого скла та закривали вибиті вікна плівкою та фанерою. Для повноцінного відновлення знадобляться «значні ресурси», зазначають в університеті. "" Співробітники університету самостійно прибирали територію від розбитого скла та закривали вибиті вікна плівкою та фанерою. Для повноцінного відновлення знадобляться «значні ресурси», зазначають в університеті.",у перед ##ден ##ь нового року 31 грудня 2022 внаслідок ракет ##ної атаки було у ##шко ##дж ##ено будівлі ви ##став ##кового кам ##пус ##у ки ##їв ##ського національного університету імені та ##рас ##а ш ##ев ##чен ##ка с ##п ##ів ##ро ##бі ##тник ##и університету само ##сті ##йно при ##бира ##ли територію від р ##оз ##бито ##го с ##кла та за ##к ##рива ##ли ви ##бит ##і в ##ік ##на п ##лів ##кою та ф ##ане ##ро ##ю для пов ##но ##ці ##нного від ##новлення з ##над ##об ##ляться з ##на ##чні р ##ес ##урси за ##зна ##чають в університеті с ##п ##ів ##ро ##бі ##тник ##и університету само ##сті ##йно при ##бира ##ли територію від р ##оз ##бито ##го с ##кла та за ##к ##рива ##ли ви ##бит ##і в ##ік ##на п ##лів ##кою та ф ##ане ##ро ##ю для пов ##но ##ці ##нного від ##новлення з ##над ##об ##ляться з ##на ##чні р ##ес ##урси за ##зна ##чають в університеті,images/re_00082.jpg,50.38115,30.47291,points,2023-03-21 09:55:00,reukraine,1,Negative,1,1,train,not_found
re_00083,Спорткомплекс КНУ імені Тараса Шевченка постраждав внаслідок російських обстрілів 31 грудня. Вибито вікна корпусу спортивного факультету.,спорт ##ком ##п ##лек ##с кн ##у імені та ##рас ##а ш ##ев ##чен ##ка пост ##ра ##жда ##в внаслідок рос ##ійських об ##стр ##ілі ##в 31 грудня ви ##бито в ##ік ##на корпусу спорт ##ивного факультет ##у,images/re_00083.jpg,50.38128,30.47619,points,2023-03-21 09:47:00,reukraine,1,Negative,1,1,train,not_found
re_00084,Церква Покрови Божої Матері (будівля 2020-21 рр.)Котляревського 50а Ірпінь Київська обл. 08200Під час окупації внаслідок обстрілів було пошкоджено фасади покрівлю вікна та огорожу церкви Покрови Божої Матері збудованої у 2020-21 рр.,церква по ##к ##ров ##и бо ##жо ##ї ма ##тері буд ##ів ##ля 2020 ##21 рр ##кот ##ля ##рев ##ського 50 ##а і ##р ##п ##інь ки ##їв ##ська обл 08 ##200 ##п ##ід час ок ##упа ##ції внаслідок об ##стр ##ілі ##в було по ##шко ##дж ##ено ф ##аса ##ди по ##к ##рів ##лю в ##ік ##на та о ##гор ##о ##жу церкви по ##к ##ров ##и бо ##жо ##ї ма ##тері з ##будовано ##ї у 2020 ##21 рр,images/re_00084.jpg,50.53503,30.25270,points,2023-04-08 13:20:00,reukraine,1,Negative,1,1,train,not_found
re_00085,Алея Героїв Приірпіння (у 2014–2021 рр.)Котляревського 57 Ірпінь Київська обл. 08200Під час окупації через обстріли пошкоджені пам’ятні знаки та монумент воїнам АТО на Алеї Героїв Приірпіння облаштований у 2014 році.,але ##я ге ##ро ##їв при ##ір ##п ##іння у 2014 ##20 ##21 рр ##кот ##ля ##рев ##ського 57 і ##р ##п ##інь ки ##їв ##ська обл 08 ##200 ##п ##ід час ок ##упа ##ції через об ##стр ##іли по ##шко ##дж ##ені пам ##ят ##ні знак ##и та м ##ону ##мент во ##ї ##нам ат ##о на але ##ї ге ##ро ##їв при ##ір ##п ##іння обл ##аш ##това ##ний у 2014 році,images/re_00085.jpg,50.53632,30.25459,points,2023-04-08 13:24:00,reukraine,1,Negative,1,1,train,not_found
re_00086,В результаті вибуху 10.10.22 була пошкоджене приміщення Малої зали Національної Філармонії України. Вибуховою хвилею були розбиті декілька вікон у службових приміщеннях прилеглого до парку крила будівлі.,в результаті ви ##бу ##ху 1010 ##22 була по ##шко ##дж ##ене приміщення мало ##ї зал ##и національної ф ##іла ##рм ##оні ##ї укр ##а ##ї ##ни ви ##бу ##хов ##ою х ##вил ##ею були р ##оз ##бит ##і декілька в ##ік ##он у сл ##у ##ж ##бов ##их приміщення ##х при ##ле ##гло ##го до парку крила будівлі,images/re_00086.jpg,50.45346,30.52823,points,2023-03-21 08:21:00,reukraine,1,Negative,1,1,train,confidential_personal_data
re_00087,Церква Різдва Пресвятої Богородиці (будівля 2011-15 рр.)Антонова 28а Ірпінь Київська обл. 08200Під час окупації внаслідок обстрілів було пошкоджено фасади покрівлю вікна та огорожу церкви Покрови Божої Матері збудованої у 2020-21 рр.,церква р ##із ##два пре ##с ##вят ##ої бог ##оро ##ди ##ці буд ##ів ##ля 2011 ##15 рр ##ант ##онов ##а 28 ##а і ##р ##п ##інь ки ##їв ##ська обл 08 ##200 ##п ##ід час ок ##упа ##ції внаслідок об ##стр ##ілі ##в було по ##шко ##дж ##ено ф ##аса ##ди по ##к ##рів ##лю в ##ік ##на та о ##гор ##о ##жу церкви по ##к ##ров ##и бо ##жо ##ї ма ##тері з ##будовано ##ї у 2020 ##21 рр,images/re_00087.jpg,50.52944,30.24666,points,2023-04-08 13:32:00,reukraine,1,Negative,1,1,train,not_found
re_00088,Національна наукова медична бібліотека України (ННМБУ)Знаходиться в фамільній будівлі відомої родини меценатів цукрозаводчиків Терещенків.Внаслідок ракетного обстрілу 10.10.22 в історичній частині будівлі вибуховою хвилею вибито скло ХІХ століття та пошкоджено автентичні дубові віконні рами з фрамугами. Крім того скло вибило й у службових приміщеннях і книгосховищі бібліотеки. Також деформовані зовнішні та внутрішні двері приміщень часткових руйнувань зазнав фасад будівлі. Співробітниками установи виявлено й тріщину на стіні цокольного приміщення. 00,на ##ці ##она ##льна наук ##ова м ##еди ##чна бібліотека укр ##а ##ї ##ни н ##н ##м ##бу ##зна ##ходить ##ся в ф ##амі ##льній будівлі відомо ##ї родини м ##ец ##ена ##тів цу ##к ##ро ##за ##вод ##чик ##ів те ##ре ##щен ##ків ##вна ##сл ##ід ##ок ракет ##ного об ##стр ##ілу 1010 ##22 в іс ##тори ##чній частині будівлі ви ##бу ##хов ##ою х ##вил ##ею ви ##бито с ##кло х ##іх століття та по ##шко ##дж ##ено а ##вт ##ент ##ичні ду ##бов ##і в ##ік ##он ##ні р ##ами з фр ##ам ##уга ##ми крім того с ##кло ви ##бил ##о й у сл ##у ##ж ##бов ##их приміщення ##х і книг ##ос ##хов ##и ##щі б ##ібліотеки також де ##фор ##мова ##ні з ##ов ##ні ##шні та в ##нут ##рі ##шні две ##рі при ##мі ##щен ##ь част ##кових р ##уй ##нува ##нь за ##знав ф ##аса ##д будівлі с ##п ##ів ##ро ##бі ##тника ##ми у ##стан ##ови ви ##яв ##лено й т ##рі ##щину на ст ##іні ц ##око ##льного приміщення 00,images/re_00088.jpg,50.44037,30.51296,points,2023-03-21 07:31:00,reukraine,1,Negative,1,1,train,"confidential_personal_data, face_blured"
re_00089,Церква Святого Апостола Андрія Первозванного та Всіх Святих ПЦУ,церква святого а ##по ##сто ##ла ан ##др ##ія пер ##во ##зва ##нного та всіх свят ##их п ##цу,images/re_00089.jpg,50.54903,30.20597,points,2023-04-01 14:27:00,reukraine,1,Neutral,1,1,train,not_found
re_00090,"памятка історії 260049-Н Постанова Кабінету Міністрів України від 03.09.2009 № 928 Національний музей мистецтв імені Богдана та Варвари Ханенків (неофіційна назва: Музей Ханенків, попередня назва: Київський музей західного та східного мистецва) — музей світового мистецтва, що презентує найзначніші в Україні колекції мистецтва Європи, Азії та Давнього світу. Музей засновано в 1919 році відповідно до заповіту колекціонера Богдана Ханенка (1917) та дарчої його дружини Варвари на імя Всеукраїнської академії наук (1918).",пам ##ят ##ка історії 2600 ##49 ##н поста ##нова каб ##іне ##ту міністр ##ів укр ##а ##ї ##ни від 030 ##9 ##200 ##9 928 на ##ціональний музей мистецтв імені бог ##дана та ва ##рва ##ри хан ##ен ##ків не ##о ##фі ##ційна назва музей хан ##ен ##ків поп ##ере ##дня назва ки ##їв ##ський музей захід ##ного та схід ##ного ми ##сте ##ц ##ва музей світ ##ового мистецтва що през ##ент ##ує най ##зна ##чні ##ші в укр ##а ##ї ##ні кол ##ек ##ції мистецтва євро ##пи аз ##ії та дав ##нього світу музей за ##сновано в 1919 році відповідно до за ##пов ##іт ##у кол ##ек ##ці ##оне ##ра бог ##дана хан ##енка 1917 та дар ##чої його др ##ужини ва ##рва ##ри на імя все ##ук ##ра ##ї ##нської академії наук 1918,images/re_00090.jpg,50.44140,30.51490,points,2023-03-21 04:57:00,reukraine,1,Neutral,1,1,train,not_found
re_00091,"У столиці відновили готель Alfavito hotel Kyiv, який постраждав від ракетного обстрілу.",у столиці від ##нов ##или го ##тель alfa ##vito hotel ky ##iv який пост ##ра ##жда ##в від ракет ##ного об ##стр ##ілу,images/re_00091.jpg,50.42166,30.52407,points,2023-08-27 12:00:00,reukraine,1,Positive,1,1,train,not_found
re_00092,"Ракета влучила в готель Alfavito hotel Kyiv, що поблизу станції метро «Палац Україна», 31 грудня 2022 року",ракета в ##лу ##чила в го ##тель alfa ##vito hotel ky ##iv що поблизу станції метро па ##лац укр ##а ##ї ##на 31 грудня 2022 року,images/re_00092.jpg,50.42166,30.52407,points,2022-12-31 12:00:00,reukraine,1,Negative,1,1,train,not_found
re_00093,"10 жовтня рф здійснила масований ракетний удар по всій Україні, чим знищила понад 100 об’єктів, з них більше 10 інфраструктурно важливих об’єктів, а також стартегічні об’єкти як от тролейбуси, зупинки, дитячі маданчики. Так само за адресою Калинова 89, було знищено тролейбус, лінію електропостачання тролейбусів, та дорожнє покриття. Рівень пошкодження: Середній ❗️Не нехтуйте безпекою, перебувайте в укриттях під час тривог!",10 жовтня р ##ф з ##ді ##й ##сни ##ла ма ##сов ##аний ракет ##ний удар по всі ##й укр ##а ##ї ##ні чи ##м з ##ни ##щил ##а понад 100 об ##є ##кті ##в з них більше 10 ін ##ф ##рас ##тр ##ук ##турно ва ##ж ##ливих об ##є ##кті ##в а також ст ##арт ##ег ##ічні об ##є ##кти як от т ##ро ##лей ##бу ##си з ##уп ##инки ди ##тя ##чі ма ##дан ##чики так само за ад ##рес ##ою ка ##лин ##ова 89 було з ##ни ##щено т ##ро ##лей ##бу ##с л ##іні ##ю ел ##ект ##ро ##по ##ста ##чання т ##ро ##лей ##бу ##сів та до ##ро ##ж ##нє по ##криття рівень по ##шко ##дження серед ##ній не не ##хт ##уй ##те без ##пе ##кою пер ##еб ##ува ##йт ##е в укр ##ит ##тя ##х під час три ##во ##г,images/re_00093.jpg,48.51618,35.04847,points,2022-10-10 12:00:00,reukraine,1,Negative,1,1,train,not_found
re_00094,"Вулиця Калинова у Дніпрі, яка вчора постраждала від ворожого ракетного удару, знову проїзна. Нагадаємо, прямо посеред проїжджою частини там вчора внаслідок прильоту утворилася величезна вирва. Комунальникам вдалося оперативно ліквідувати руйнування. На сьогоднішній ранок контактна мережа та дорожнє покриття відновлені. Наразі рух вулицею знову відкрито.",вулиця ка ##лин ##ова у дні ##пр ##і яка в ##чо ##ра пост ##ра ##жда ##ла від во ##ро ##жо ##го ракет ##ного удар ##у знову про ##ї ##зна на ##га ##дає ##мо прямо по ##сер ##ед про ##ї ##ж ##дж ##ою частини там в ##чо ##ра внаслідок при ##ль ##оту у ##твор ##илася вели ##че ##зна ви ##рва ко ##муна ##ль ##никам вдалося опера ##тивно лік ##від ##увати р ##уй ##нування на сьогодні ##шній рано ##к контакт ##на мере ##жа та до ##ро ##ж ##нє по ##криття від ##нов ##лені нар ##аз ##і рух вул ##ице ##ю знову відкрито,images/re_00094.jpg,48.51618,35.04847,points,2022-10-11 12:00:00,"reukraine, gov, media",1,Positive,1,1,train,not_found
re_00095,"Уламок ракети влучив в будинок. Погоріли квартири та машини, пошкоджено будівлю.",ул ##ам ##ок ракет ##и в ##лу ##чив в будинок по ##гор ##іли кв ##арт ##ири та машини по ##шко ##дж ##ено буд ##ів ##лю,images/re_00095.jpg,50.46149,30.34848,points,2022-03-20 12:00:00,reukraine,1,Negative,1,1,train,not_found
re_00096,"Після вибуху фахівці провели експертизу в кожній квартирі та упродовж кількох місяців будівельники ремонтували будинок. Зараз ця багатоповерхівка виглядає навіть краще, ніж до руйнування. Фасад будинку утеплили та перефарбували. Усунули тріщину, а в оселях зробили капітальний ремонт. Зокрема, поміняли підлогу, замінили батареї, встановили вікна, пофарбували стіни та замінили двері",після ви ##бу ##ху ф ##ах ##івці провели е ##кс ##пер ##ти ##зу в ко ##жній кв ##арт ##ир ##і та у ##продовж кількох місяців буд ##ів ##ель ##ники ремонт ##ували будинок зараз ця багато ##пов ##ерх ##івка ви ##гляд ##ає навіть к ##ра ##ще ніж до р ##уй ##нування ф ##аса ##д будинку у ##теп ##ли ##ли та пер ##еф ##ар ##був ##али у ##су ##нул ##и т ##рі ##щину а в ос ##еля ##х з ##ро ##били ка ##п ##іта ##льний ремонт зокрема пом ##ін ##яли під ##лог ##у за ##міни ##ли ба ##тар ##еї в ##стан ##овили в ##ік ##на по ##фа ##рб ##ували ст ##іни та за ##міни ##ли две ##рі,images/re_00096.jpg,50.46149,30.34848,points,2022-05-10 12:00:00,reukraine,1,Positive,1,1,train,face_blured
re_00097,"16.03.22. приблизно о 6.00 ранку відбулося влучення уламків збитої ворожої цілі у верхні поверхи (10-12) будинку, в результаті чого верхня частина будинку зруйнована. Також вибито вікна у вказаному будинку і частково пошкоджено будинки #6 і 7 по тій же вулиці.",1603 ##22 приблизно о 600 р ##ан ##ку відбулося в ##лучення ул ##ам ##ків з ##бито ##ї во ##ро ##жо ##ї ці ##лі у в ##ерх ##ні пов ##ерх ##и 101 ##2 будинку в результаті чого в ##ерхня частина будинку з ##ру ##йно ##вана також ви ##бито в ##ік ##на у в ##казано ##му будинку і частково по ##шко ##дж ##ено буд ##инки 6 і 7 по ті ##й же вулиці,images/re_00097.jpg,50.45343,30.46955,points,2022-03-16 12:00:00,reukraine,1,Negative,1,1,train,not_found
re_00098,"Як повідомили в КМДА, рано вранці 15 березня снаряди влучили в кілька житлових будинків: дві багатоповерхівки в Святошинському районі, одну в Подільському, а також – в один приватний будинок. Ударна хвиля пошкодила вхід в одну зі станцій метро. Є постраждалі, інформація уточнюється. За попередніми даними загинуло 4 людей. На місцях працюють рятувальники і медики.",як пов ##ід ##оми ##ли в км ##да рано в ##ран ##ці 15 березня с ##нар ##яди в ##лу ##чили в кілька ж ##ит ##лов ##их буд ##ин ##ків дві багато ##пов ##ерх ##ів ##ки в свят ##ош ##ин ##ському районі одну в под ##іль ##ському а також в один при ##ват ##ний будинок удар ##на х ##вил ##я по ##шко ##дил ##а в ##хід в одну зі стан ##цій метро є пост ##ра ##жда ##лі інформація у ##то ##ч ##нюється за поп ##ере ##дні ##ми даними за ##гин ##уло 4 людей на місця ##х пра ##цюють р ##ят ##ува ##ль ##ники і м ##еди ##ки,images/re_00098.jpg,50.45794,30.34367,points,2022-03-15 12:00:00,reukraine,1,Negative,1,1,train,not_found
re_00099,"В пошкодженому внаслідок потрапляння російської ракети 16-ти поверховому житловому будинку 9-А по вулиці Чорнобильській в Святошинському районі столиці розпочали відновлювальні роботи. Всі 126 квартир в будинку постраждали, з них 64 – вигоріли повністю. Обстеження технічного стану будинку, експертизи виявили, що несучі конструкції будівлі не пошкоджені.",в по ##шко ##дж ##еном ##у внаслідок по ##тра ##п ##лян ##ня російської ракет ##и 16 ##ти пов ##ерх ##овому ж ##ит ##лов ##ому будинку 9 ##а по вулиці ч ##орно ##бил ##ь ##ській в свят ##ош ##ин ##ському районі столиці р ##оз ##по ##чали від ##нов ##лю ##вал ##ьні роботи всі 126 кв ##арт ##ир в будинку пост ##ра ##жда ##ли з них 64 ви ##гор ##іли повністю об ##сте ##ження тех ##нічного стану будинку е ##кс ##пер ##ти ##зи ви ##яви ##ли що не ##су ##чі конс ##тр ##укції будівлі не по ##шко ##дж ##ені,images/re_00099.jpg,50.45794,30.34367,points,2022-03-15 12:00:00,reukraine,1,Positive,1,1,train,not_found
re_00100,"14 березня близько 5:00 російська ракета влучила в житловий будинок на вулиці Богатирській, 20. Внаслідок обстрілу сталося часткове руйнування з 1 по 3 поверхи в одному з під’їздів будівлі, а також виникла пожежа. З 144 квартир були пошкоджені 100.",14 березня близько 500 рос ##ійська ракета в ##лу ##чила в ж ##ит ##лов ##ий будинок на вулиці бога ##ти ##рс ##ькій 20 внаслідок об ##стр ##ілу стало ##ся част ##кове р ##уй ##нування з 1 по 3 пов ##ерх ##и в одному з під ##ї ##зді ##в будівлі а також ви ##ник ##ла по ##же ##жа з 144 кв ##арт ##ир були по ##шко ##дж ##ені 100,images/re_00100.jpg,50.52284,30.48637,points,2022-03-14 12:00:00,reukraine,1,Negative,1,1,train,not_found
re_00101,"14 березня, вранці країна-терорист РФ вкотре завдала ракетного удару по Києву, внаслідок чого було влучання в багатоповерхівку на вулиці Богатирській, 20. У наші дні завдяки роботі будівельників та підтримці міської влади будинок повністю відновили.",14 березня в ##ран ##ці країн ##ат ##еро ##рист р ##ф в ##кот ##ре за ##в ##дала ракет ##ного удар ##у по ки ##єв ##у внаслідок чого було в ##лу ##чання в багато ##пов ##ерх ##ів ##ку на вулиці бога ##ти ##рс ##ькій 20 у наш ##і дні завдяки роботі буд ##ів ##ель ##ників та під ##три ##м ##ці міської влади будинок повністю від ##нов ##или,images/re_00101.jpg,50.52284,30.48637,points,2023-03-15 12:00:00,reukraine,1,Positive,1,1,train,not_found
re_00102,В місті Ірпінь на Київщині відкрили відновлений навчальний заклад Ірпінську загальноосвітню школу І-ІІІ СТ. №3 Ірпінської міської ради Київської області.,в місті і ##р ##п ##інь на ки ##їв ##щині від ##к ##рили від ##нов ##лений на ##в ##чал ##ьний за ##клад і ##р ##п ##ін ##ську за ##гал ##ьно ##ос ##ві ##т ##ню школу і ##іі ##і ст 3 і ##р ##п ##ін ##ської міської ради ки ##їв ##ської області,images/re_00102.jpg,50.53671,30.26043,points,2022-02-24 12:00:00,reukraine,1,Positive,1,1,train,not_found
re_00103,"КНП ""Чернігівський районний центр ПМСД"", Анисівська АЗПСМ. Осколками снарядів, та вибухами поряд,було пошкоджено вікна. Будинок відновлено",кн ##п че ##рні ##гі ##вський район ##ний центр п ##мс ##д ан ##ис ##ів ##ська аз ##п ##с ##м ос ##кол ##ками с ##нар ##яд ##ів та ви ##бу ##ха ##ми пор ##яд ##бул ##о по ##шко ##дж ##ено в ##ік ##на будинок від ##нов ##лено,images/re_00103.jpg,51.43651,31.36050,points,2022-09-01 12:00:00,reukraine,1,Positive,1,1,train,not_found
re_00104,"Чернігівська обласна дитяча лікарня (гуртожиток лікарів). Осколками снарядів, та вибухами поряд,було пошкоджено вікна, двері, сайдинг. Лікарня відновлена",кн ##п че ##рні ##гі ##в ##ська обл ##ас ##на ди ##тя ##ча лік ##ар ##ня гурт ##о ##жит ##ок лік ##арі ##в ос ##кол ##ками с ##нар ##яд ##ів та ви ##бу ##ха ##ми пор ##яд ##бул ##о по ##шко ##дж ##ено в ##ік ##на две ##рі са ##йд ##инг лік ##ар ##ня від ##нов ##лена,images/re_00104.jpg,51.49711,31.27882,points,2022-09-01 12:00:00,reukraine,1,Positive,1,1,train,not_found
re_00105,"14 червня над містом Золочевом, що у Львівській області, сили протиповітряної оборони збили російську ракету. Унаслідок падіння пошкоджень зазнала конструкція комплексу будівель памятки архітектури національного значення – надбрамний корпус Золочівського замку.  Відтак, вибуховою хвилею було пошкоджено: підшивку даху і стелі, штукатурку на площі 350 м², дерев’яні рами та віконні стулки, дверні заповнення (рама та полотно), вузли кріплення конструктивних елементів та покриття тимчасового даху над вежею, а також часткова втрата тиньку на фасадах корпусу. Золочівський замок – пам'ятка історії та культури національного значення в місті Золочеві Львівської області. Музей-заповідник «Золочівський замок» – відділ Львівської галереї мистецтв. Замок входить до туристичного маршруту «Золота підкова Львівщини». У Золочівському замку відреставрували надбрамний корпус, який був пошкоджений унаслідок ракетного удару.",14 червня над місто ##м з ##оло ##чев ##ом що у л ##ь ##вів ##ській області сили проти ##пов ##іт ##ря ##ної оборони з ##били рос ##ій ##ську ракет ##у ун ##ас ##лідок пад ##іння по ##шко ##дж ##ень за ##зна ##ла конс ##тр ##ук ##ція комплексу буд ##ів ##ель пам ##ят ##ки архітектури національного значення над ##бра ##м ##ний корпус з ##оло ##чів ##ського замку від ##так ви ##бу ##хов ##ою х ##вил ##ею було по ##шко ##дж ##ено під ##шив ##ку да ##ху і ст ##елі ш ##тук ##ату ##рку на площі 350 м дерев ##ян ##і р ##ами та в ##ік ##он ##ні ст ##ул ##ки две ##рні за ##пов ##нення р ##ама та пол ##от ##но в ##уз ##ли к ##рі ##плення конс ##тр ##ук ##тив ##них елементів та по ##криття тим ##час ##ового да ##ху над в ##еж ##ею а також част ##кова в ##трат ##а ти ##нь ##ку на ф ##аса ##дах корпусу з ##оло ##чів ##ський замок пам ##ят ##ка історії та культури національного значення в місті з ##оло ##чев ##і л ##ь ##вів ##ської області музей ##за ##пов ##ід ##ник з ##оло ##чів ##ський замок від ##діл л ##ь ##вів ##ської га ##лер ##еї мистецтв замок входить до тур ##исти ##чного маршрут ##у золота під ##кова л ##ь ##вів ##щини у з ##оло ##чів ##ському замку від ##реста ##вр ##ували над ##бра ##м ##ний корпус який був по ##шко ##дж ##ений ун ##ас ##лідок ракет ##ного удар ##у,images/re_00105.jpg,49.79394,24.90901,points,2022-11-01 12:00:00,reukraine,1,Positive,1,1,train,not_found
re_00106,"На автодорозі Київ-Чоп повністю відновлено рух після вибухів, що сталися 2 липня поблизу села Березина Житомирської області",на а ##вт ##од ##оро ##зі ки ##їв ##чо ##п повністю від ##нов ##лено рух після ви ##бу ##хів що стали ##ся 2 липня поблизу села бере ##зина ж ##ито ##мир ##ської області,images/re_00106.jpg,50.44693,30.23424,points,2022-11-01 12:00:00,reukraine,1,Positive,1,1,train,not_found
re_00107,"Триває відновлення зруйнованого будинку, в який поцілила російська ракета. Роботи не зупиняються навіть на вихідних.У Києві ремонт 27-поверхового житлового будинку на проспекті Лобановського, 6А, в який 26 лютого влучила російська ракета, завершать навесні 2023 року. З 126 квартир 16 — було пошкоджено. На об’єкті вже демонтували покрівлю, частину монолітного залізобетонного каркасу, відновили роботу двох пасажирських ліфтів. Наразі тривають роботи з влаштування монолітного залізобетонного каркасу будинку.",три ##ва ##є від ##новлення з ##ру ##йно ##вано ##го будинку в який по ##ці ##ли ##ла рос ##ійська ракета роботи не з ##уп ##иня ##ються навіть на ви ##хід ##них ##у ки ##єв ##і ремонт 27 ##пов ##ерх ##ового ж ##ит ##лов ##ого будинку на про ##спект ##і ло ##бан ##овського 6 ##а в який 26 лютого в ##лу ##чила рос ##ійська ракета за ##вер ##шат ##ь на ##ве ##сні 202 ##3 року з 126 кв ##арт ##ир 16 було по ##шко ##дж ##ено на об ##є ##кті вже де ##монт ##ували по ##к ##рів ##лю частину м ##он ##олі ##тного зал ##із ##об ##ето ##нного кар ##ка ##су від ##нов ##или роботу двох па ##са ##жир ##ських л ##і ##фт ##ів нар ##аз ##і три ##вают ##ь роботи з в ##лаш ##тування м ##он ##олі ##тного зал ##із ##об ##ето ##нного кар ##ка ##су будинку,images/re_00107.jpg,50.42199,30.46600,points,2022-09-01 12:00:00,reukraine,1,Positive,1,1,train,not_found
re_00108,"У Києві відновили будинок на проспекті Лобановського, 6А, в який 26 лютого 2022 года влучила російська ракета.",у ки ##єв ##і від ##нов ##или будинок на про ##спект ##і ло ##бан ##овського 6 ##а в який 26 лютого 2022 года в ##лу ##чила рос ##ійська ракета,images/re_00108.jpg,50.42199,30.46600,points,2023-02-08 14:29:00,reukraine,1,Positive,1,1,train,not_found
re_00109,"КНП ""Броварський РЦ ПМСД"" Богданівська АЗПСМ. Осколками снарядів, та вибухами поряд,було пошкоджено двері, вікна, віконні сайдинги, систему опалення",кн ##п бр ##ова ##рс ##ький р ##ц п ##мс ##д бог ##дан ##ів ##ська аз ##п ##с ##м ос ##кол ##ками с ##нар ##яд ##ів та ви ##бу ##ха ##ми пор ##яд ##бул ##о по ##шко ##дж ##ено две ##рі в ##ік ##на в ##ік ##он ##ні са ##йд ##инг ##и систему о ##пал ##ення,images/re_00109.jpg,50.62604,30.91627,points,2022-03-01 12:00:00,reukraine,1,Negative,1,1,train,not_found
re_00110,Відновлено Богданівську АЗПСМ.,від ##нов ##лено бог ##дан ##ів ##ську аз ##п ##с ##м,images/re_00110.jpg,50.62604,30.91627,points,2022-09-01 12:00:00,reukraine,1,Positive,1,1,train,not_found
re_00111,"КНП ""Ірпінський міський центр медико-санітарної допомоги"", Ірпінська АЗПСМ 2. Осколками снарядів, та вибухами поряд,було пошкоджено вікна, віконні рами, також внаслідок потрапляння осколка, та наслідків вибухової хвилі - обвалилась стеля одного з лікарських кабінетів.",кн ##п і ##р ##п ##ін ##ський м ##іс ##ький центр м ##еди ##ко ##сан ##іта ##рно ##ї допомоги і ##р ##п ##ін ##ська аз ##п ##с ##м 2 ос ##кол ##ками с ##нар ##яд ##ів та ви ##бу ##ха ##ми пор ##яд ##бул ##о по ##шко ##дж ##ено в ##ік ##на в ##ік ##он ##ні р ##ами також внаслідок по ##тра ##п ##лян ##ня ос ##кол ##ка та нас ##лі ##д ##ків ви ##бу ##хов ##ої х ##вил ##і об ##вали ##лась ст ##еля одного з лік ##арс ##ьких каб ##іне ##тів,images/re_00111.jpg,50.53328,30.25655,points,2022-03-01 12:00:00,reukraine,1,Negative,1,1,train,not_found
re_00112,"Відновлено КНП ""Ірпінський міський центр медико-санітарної допомоги""",від ##нов ##лено кн ##п і ##р ##п ##ін ##ський м ##іс ##ький центр м ##еди ##ко ##сан ##іта ##рно ##ї допомоги,images/re_00112.jpg,50.53328,30.25655,points,2022-12-02 12:00:00,reukraine,1,Positive,1,1,train,not_found
re_00113,"КНП ""Броварський РЦ ПМСД"" Шевченківська АЗПСМ. Осколками снарядів, та вибухами поряд,було пошкоджено вікна, двері, віконні сайдинги, дах.",кн ##п бр ##ова ##рс ##ький р ##ц п ##мс ##д ш ##ев ##чен ##ків ##ська аз ##п ##с ##м ос ##кол ##ками с ##нар ##яд ##ів та ви ##бу ##ха ##ми пор ##яд ##бул ##о по ##шко ##дж ##ено в ##ік ##на две ##рі в ##ік ##он ##ні са ##йд ##инг ##и да ##х,images/re_00113.jpg,50.64077,31.02937,points,2022-03-01 12:00:00,reukraine,1,Negative,1,1,train,not_found
re_00114,"Відновлено КНП ""Броварський РЦ ПМСД""",від ##нов ##лено кн ##п бр ##ова ##рс ##ький р ##ц п ##мс ##д,images/re_00114.jpg,50.64077,31.02937,points,2022-09-01 12:00:00,reukraine,1,Positive,1,1,train,not_found
re_00115,"Відновлено КНП ""Броварський РЦ ПМСД""",від ##нов ##лено кн ##п бр ##ова ##рс ##ький р ##ц п ##мс ##д,images/re_00115.jpg,50.64077,31.02937,points,2022-09-01 12:00:00,reukraine,1,Positive,1,1,train,not_found
re_00116,"""2 березня в будинок, який поряд тут знаходиться, був приліт. У звязку з цим вибуховою хвилею вибило вікна в амбулаторії і у звязку з цим розморозилося опалення у нас. У звязку з цим ми просто не могли надавати тут ніяку допомогу"", – пояснює завідувачка амбулаторії [Конфіденційні дані].",2 березня в будинок який пор ##яд тут знаходиться був при ##лі ##т у зв ##яз ##ку з цим ви ##бу ##хов ##ою х ##вил ##ею ви ##бил ##о в ##ік ##на в а ##м ##була ##тор ##ії і у зв ##яз ##ку з цим р ##оз ##мор ##ози ##лося о ##пал ##ення у нас у зв ##яз ##ку з цим ми просто не могли над ##ава ##ти тут ні ##як ##у допомогу по ##яс ##нює за ##від ##увач ##ка а ##м ##була ##тор ##ії кон ##фі ##ден ##ційні дані,images/re_00116.jpg,50.55502,30.32259,points,2022-03-01 12:00:00,reukraine,1,Negative,1,1,train,confidential_personal_data
re_00117,"Нині заклад відновили. Тут знову приймають відвідувачів. Після ремонту приміщення утеплили, встановили тепловий насос, сонячні панелі та акумулятор. Амбулаторія стала енергоефективною і може працювати під час відключень світла. Таке оновлення ініціювала команда проєкту ""Партнерство громад заради зеленого відновлення України"". У Greenpeace кажуть, що найближчими роками така система зможе окупитися повністю.",нині за ##клад від ##нов ##или тут знову при ##йма ##ють від ##від ##увач ##ів після ремонт ##у приміщення у ##теп ##ли ##ли в ##стан ##овили те ##п ##лов ##ий нас ##ос со ##ня ##чні па ##не ##лі та а ##ку ##му ##лят ##ор а ##м ##була ##тор ##ія стала е ##нер ##го ##еф ##ект ##ивно ##ю і може працювати під час від ##ключен ##ь світ ##ла так ##е оно ##влення ін ##і ##цію ##вала команда про ##є ##кт ##у пар ##тне ##рство громад заради з ##елен ##ого від ##новлення укр ##а ##ї ##ни у green ##pea ##ce ка ##жу ##ть що най ##бл ##и ##ж ##чим ##и роками така система з ##мо ##же ок ##уп ##ити ##ся повністю,images/re_00117.jpg,50.55502,30.32259,points,2023-02-03 12:00:00,reukraine,1,Positive,1,1,train,not_found
re_00118,Відновлена школа в Обуховичі,від ##нов ##лена школа в об ##ух ##ович ##і,images/re_00118.jpg,50.98912,29.77178,points,2022-10-01 12:00:00,reukraine,1,Positive,1,1,train,not_found
re_00119,"У Гостомелі Київської області здали в експлуатацію четвертий відбудований багатоквартирний будинок по вул. Рекунова, що зазнав уражень від російської агресії у 2022 році. Ще 10 будинків планують закінчити до кінця року.",у го ##стом ##елі ки ##їв ##ської області з ##дали в е ##кс ##п ##лу ##ата ##цію че ##тве ##рти ##й від ##будований багато ##ква ##рти ##рний будинок по вул реку ##нова що за ##знав у ##ра ##жень від російської а ##грес ##ії у 2022 році ще 10 буд ##ин ##ків плану ##ють за ##кін ##чити до кінця року,images/re_00119.jpg,50.56592,30.26802,points,2024-09-25 07:06:00,media,1,Positive,1,1,train,not_found
re_00120,"У Бородянці на Київщині готують до відкриття Литовсько-український ліцей №1. Навчальний заклад повністю відбудували після руйнувань, яких він зазнав під час російської окупації, повідомила селищна голова Ірина Захарченко. Бородянський ліцей №1 був майже повністю зруйнований на початку повномасштабної війни. Будівля вигоріла зсередини, вікна та двері були вибиті, опорні конструкції — пошкоджені, а вся матеріальна база — знищена. Відновити навчальний заклад допомогла Литовська Республіка, тож Бородянська сільрада вирішила перейменувати його на ""Литовсько-український ліцей №1"".",у бо ##род ##ян ##ці на ки ##їв ##щині го ##тую ##ть до відкриття лит ##ов ##сько ##ук ##ра ##їнський л ##іце ##й 1 на ##в ##чал ##ьний за ##клад повністю від ##бу ##дува ##ли після р ##уй ##нува ##нь яких він за ##знав під час російської ок ##упа ##ції пов ##ід ##оми ##ла се ##ли ##щ ##на голова і ##рина за ##хар ##ченко бо ##род ##ян ##ський л ##іце ##й 1 був майже повністю з ##ру ##йно ##ваний на початку пов ##ном ##ас ##шта ##бно ##ї війни буд ##ів ##ля ви ##гор ##іла з ##сер ##еди ##ни в ##ік ##на та две ##рі були ви ##бит ##і о ##пор ##ні конс ##тр ##укції по ##шко ##дж ##ені а вся ма ##тері ##альна база з ##ни ##щена від ##нов ##ити на ##в ##чал ##ьний за ##клад доп ##омо ##гла лит ##ов ##ська р ##ес ##публіка то ##ж бо ##род ##ян ##ська сіл ##ь ##рада ви ##рі ##шила пер ##ей ##мену ##вати його на лит ##ов ##сько ##ук ##ра ##їнський л ##іце ##й 1,images/re_00120.jpg,50.64776,29.94372,points,2024-08-17 14:13:00,media,1,Positive,1,1,train,not_found
re_00121,"Будинок став шостим, який відремонтували коштом Фонду ліквідації наслідків збройної агресії. Будівлі відновили в Бучі, Дмитрівці й Ірпені. Загалом за гроші ФЛН Київська ОВА замовила відновлення 48 будинків.",будинок став шо ##сти ##м який від ##рем ##он ##ту ##вали ко ##што ##м фонду лік ##від ##ації нас ##лі ##д ##ків з ##бр ##ой ##ної а ##грес ##ії будівлі від ##нов ##или в бу ##чі д ##ми ##тр ##івці й і ##р ##пен ##і за ##галом за гр ##ош ##і ф ##л ##н ки ##їв ##ська ова за ##мов ##ила від ##новлення 48 буд ##ин ##ків,images/re_00121.jpg,50.55400,30.21499,points,2024-11-26 11:37:00,media,1,Positive,1,1,train,not_found
re_00122,"На вулиці Остромирська, 67 у Гостомелі відновили багатоквартирний житловий будинок, зруйнований росіянами, повідомив голова Київської обладмінстрації.",на вулиці ос ##тром ##ир ##ська 67 у го ##стом ##елі від ##нов ##или багато ##ква ##рти ##рний ж ##ит ##лов ##ий будинок з ##ру ##йно ##ваний рос ##ія ##нами пов ##ід ##оми ##в голова ки ##їв ##ської обл ##ад ##мін ##стра ##ції,images/re_00122.jpg,50.58615,30.21938,points,2024-12-10 12:00:00,media,1,Positive,1,1,train,not_found
re_00123,"В Одесі повністю відновили будинок на вулиці Середній, 24, в який 29 грудня 2024 року влучила російська ракета.",в од ##есі повністю від ##нов ##или будинок на вулиці серед ##ній 24 в який 29 грудня 202 ##4 року в ##лу ##чила рос ##ійська ракета,images/re_00123.jpg,46.47344,30.71191,points,2025-08-05 15:07:00,media,1,Positive,1,1,train,not_found
re_00124,"У Львові після майже року відновили будинок, зруйнований під час обстрілу 4 вересня",у л ##ь ##вов ##і після майже року від ##нов ##или будинок з ##ру ##йно ##ваний під час об ##стр ##ілу 4 вересня,images/re_00124.jpg,49.83137,24.00358,points,2025-08-30 08:03:00,media,1,Positive,1,1,train,not_found
re_00125,У Макарові на Київщині відновили зруйнований росіянами Центр культури (фото до і після),у ма ##кар ##ові на ки ##їв ##щині від ##нов ##или з ##ру ##йно ##ваний рос ##ія ##нами центр культури ф ##ото до і після,images/re_00125.jpg,50.46161,29.81050,points,2025-03-07 12:00:00,media,1,Positive,1,1,train,not_found
re_00126,"У Бородянці завершили капітальний ремонт дев’ятиповерхового будинку на вулиці Семашка, що був суттєво пошкоджений у березні 2022 року внаслідок російських обстрілів.",у бо ##род ##ян ##ці за ##вер ##шили ка ##п ##іта ##льний ремонт дев ##яти ##пов ##ерх ##ового будинку на вулиці се ##ма ##шка що був су ##т ##т ##єво по ##шко ##дж ##ений у березні 2022 року внаслідок рос ##ійських об ##стр ##ілі ##в,images/re_00126.jpg,50.64293,29.92880,points,2024-11-14 11:10:00,media,1,Positive,1,1,train,not_found
re_00127,В Бородянці коштом UNITED24 відновили ще один багатоквартирний будинок,в бо ##род ##ян ##ці ко ##што ##м united ##24 від ##нов ##или ще один багато ##ква ##рти ##рний будинок,images/re_00127.jpg,50.64220,29.92625,points,2025-01-03 12:00:00,media,1,Positive,1,1,train,not_found
